Eda,NamePattern,ValuePattern,Name,Value,Comment
DipTrace,CAP_0402,1uF 6.3V 0402,CAP_0402,1uF 6.3V 0402 X5R 10%,Use X5R 10% by default
DipTrace,CAP_0402,1uF 6.3V 0402 X5R 10%,CAP_0402,1uF 25V 0402 X5R 10%,
DipTrace,CAP_0805_N,/22uF 25V X5R.*/,CAP_0805_N,22uF 25V X5R 20%,Use 20% by default
DipTrace,CAP_0402,100nF 6.3V 0402,CAP_0402,100nF 6.3V 0402 X7R 10%,Use X7R 10% by default
DipTrace,CAP_0402,100nF 6.3V 0402 X7R 10%,CAP_0402,100nF 16V 0402 X7R 10%,Derate from 6.3V to 16V
DipTrace,CAP_0402,4.7uF 6.3V 0402 10%,CAP_0402,4.7uF 6.3V 0402 X5R 10%,Use X5R by default
DipTrace,CAP_0402,4.7uF 6.3V 0402 X5R 10%,CAP_0402,4.7uF 10V 0402 X5R 10%,Derate from 6.3V to 10V
DipTrace,CAP_0603,10uF 6.3V 0603 X5R 10%,CAP_0603,10uF 25V 0603 X5R 10%,Derate from 6.3V to 25V
DipTrace,CAP_0402,200pF 16V 0402 X5R,CAP_0402,200pF 50V 0402 X5R 10%,Derate from 16V to 50V; use 10% by default
DipTrace,CAP_0402,2.2uF 6.3V 0402,CAP_0402,2.2uF 6.3V 0402 X5R 10%,Use X5R 10% by default
DipTrace,CAP_0603,4.7uF 6.3V 0603 X5R 10%,CAP_0603,4.7uF 16V 0603 X5R 10%,Derate from 6.3V to 16V
DipTrace,CAP_0603,10uF 6.3V 0603 X5R 20mOhm ESR 10%,CAP_0603,10uF 25V 0603 X5R 10%,H7 PSU Caps - Ignore ESR requirements; De-rate to 25V
DipTrace,W25Q16JVUXIQ/W25Q16JVUXIM,,W25Q16JVUXIQ,,
DipTrace,STM32H725IxK_SPLIT,,STM32H725IxK,,Use non-split-component for lookups
DipTrace,STM32H725IxK,,STM32H725IxK,STM32H725IGK6,"Use 'G' version, 1MB ram"
DipTrace,LED 0603 GREEN,/.*/,LED_0603,GREEN,
DipTrace,LED 0603 BLUE,/.*/,LED_0603,BLUE,
DipTrace,LED 0603 ORANGE,/.*/,LED_0603,ORANGE,
DipTrace,LED 0603 RED,/.*/,LED_0603,RED,
DipTrace,LED 0603 YELLOW,/.*/,LED_0603,YELLOW,
DipTrace,LED 0603 WHITE,/.*/,LED_0603,WHITE,
DipTrace,10164228-1001A1RLF,/.*/,X0408WVS-100A-LPV01,,Use XKB Connection brand instead
DipTrace,10164228-1001A1RLF,/.*/,GT-B0403MSV11-100B1101,,Use g-switch brand instead
DipTrace,10164227-1004A1RLF,/.*/,HC-PBB40C-100DS-0.4V-3.0-02,,Use HCT brand instead
DipTrace,!10164227-1004A1RLF,/.*/,X0408FVS-100F-LPV01,,Use XKB Connection brand instead
DipTrace,!10164227-1004A1RLF,/.*/,GT-B0403FSV39-100B1101,,Use g-switch brand instead
DipTrace,PK-47309-375,/.*/,LCK-TF-027H37508-WLG,,Use LCKELEC brand instead
DipTrace,LPPB112NFSS-RC,/.*/,PM127-2-11-S-4.3,,Use HCTL brand instead
DipTrace,LPPB112NFSS-RC,/.*/,F343-1211A0CMUB1,,Use Yxcon brand instead
DipTrace,FTS-102-01-L-DV,/.*/,FTS-102-01-L-DV,,Use HCTL brand instead
DipTrace,FTSH-105-01-X-DV-P-K-X,/.*/,FTSH-105-01-L-DV-K-P-TR,,Use different variant
DipTrace,RES_0402,10K 0402 1%,RES_0402,10K 0402 1% 50V,Use 50V by default
DipTrace,RES_0402,33R 0402 1%,RES_0402,33R 0402 1% 50V,Use 50V by default
DipTrace,RES_0402,4K7 0402 1%,RES_0402,4K7 0402 1% 50V,Use 50V by default
DipTrace,RES_0402,5K1 0402 1%,RES_0402,5K1 0402 1% 50V,Use 50V by default
DipTrace,RES_0402,47R,RES_0402,47R 0402 1%,Use 1% by default
DipTrace,RES_0402,47R 0402 1%,RES_0402,47R 0402 1% 50V,Use 50V by default
DipTrace,RES_0402,0R,RES_0402,0R 0402 50V,Use 50V by default
DipTrace,RES_0402,330R 0402 1%,RES_0402,330R 0402 1% 50V,Use 50V by default
DipTrace,RES_0402,100K,RES_0402,100K 0402 1%,Use 1% by default
DipTrace,RES_0402,100K 0402 1%,RES_0402,100K 0402 1% 50V,Use 50V by default
DipTrace,RES_0402,453K,RES_0402,453K 0402 1%,Use 1% by default
DipTrace,RES_0402,453K 0402 1%,RES_0402,453K 0402 1% 50V,Use 50V by default
DipTrace,RES_0402,100R,RES_0402,100R 0402 1%,Use 1% by default
DipTrace,RES_0402,100R 0402 1%,RES_0402,100R 0402 1% 50V,Use 50V by default
DipTrace,RES_0603_N,100R,RES_0603_N,100R 0603 1%,Use 1% by default
DipTrace,RES_0603_N,100R 0603 1%,RES_0603_N,100R 0603 1% 75V,Use 75V by default
DipTrace,RES_0402,220R 0402 1%,RES_0402,220R 0402 1% 50V,Use 50V by default
DipTrace,RES_0603_N,1R 0603,RES_0603_N,1R 0603 1%,Use 1% by default
DipTrace,RES_0603_N,1R 0603 1%,RES_0603_N,1R 0603 1% 75V,Use 75V by default
DipTrace,RES_1206_N,0R 1206,RES_1206_N,0R 1206 500mW 200V,Use 500mW by default;Use 200V by default
DipTrace,TL1015,/.*/,GT-TC031A-H020-L1N,,Use g-switch brand instead
DipTrace,ESP32-C6-MINI-1-H4_SPLIT,,ESP32-C6-MINI-1-H4,,Use non-split-component for lookups
DipTrace,B2B-XH-A(LF)(SN),/.*/,GT-A2501WVD-102SBT01,,Use g-switch brand instead
DipTrace,CAP_0603_N,100nF 63V 0603 X5R 10%,CAP_0603_N,100nF 100V 0603 X7R 10%,De-rate from 63V to 100V;De-rate from X5R to X7R
DipTrace,CAP_0603_N,100nF 16V 0603 X7R 10%,CAP_0603_N,100nF 100V 0603 X7R 10%,De-rate from 16V to 100V
DipTrace,CAP_0603_N,100nF 16V 0603 X7R 10%,CAP_0603_N,100nF 50V 0603 X7R 10%,De-rate from 16V to 50V
DipTrace,CAP_0805_N,22uF 25V 0805 X5R,CAP_0805_N,22uF 25V 0805 X5R 20%,Use 20% by default
DipTrace,UMK325B7475MMHT,4.7uF 50V 1210 X7R 20%,CAP_1210_N,4.7uF 50V 1210 X7R 10%,De-rate from 20% to 10%
DipTrace,CAP_0603_N,1nF 25V 0603 X5R,CAP_0603_N,1nF 50V 0603 X7R 10%,De-rate from 25V to 50V;De-rate from X5R to X7R;Use 10% by default
DipTrace,CAP_0603_N,10nF 6.3V 0603 X5R 20%,CAP_0603_N,10nF 50V 0603 X7R 20%,De-rate from 6.3V to 50V;De-rate from X5R to X7R
DipTrace,CAP_1206_N,10uF 16V 1206 X7R,CAP_1206_N,10uF 25V 1206 X7R 10%,De-rate from 16V to 25V;Use 10% by default
DipTrace,CAP_0603_N,1uF 25V 0603 X5R,CAP_0603_N,1uF 25V 0603 X7R 10%,De-rate from X5R to X7R; Use 10% by default
DipTrace,CAP_0603_N,1uF 16V 0603 X7R,CAP_0603_N,1uF 25V 0603 X7R 10%,De-rate from 16V to 25V;Use 10% by default
DipTrace,CAP_1210,47uF 16V 1210 X7R,CAP_1210,47uF 16V 1210 X7R 10%,Use 10% by default
DipTrace,CAP_0402,100nF 10V 0402,CAP_0402,100nF 16V 0402 X7R 10%,De-rate from 10V to 16V;Use X7R by default;Use 10% by default
DipTrace,CAP_0402,100nF 16V 0402,CAP_0402,100nF 16V 0402 X7R 10%,Use X7R by default; Use 10% by default
DipTrace,CAP_0402,100nF 25V 0402 X5R,CAP_0402,100nF 25V 0402 X7R 10%,De-rate from X5R to X7R;Use 10% by default
DipTrace,CAP_0603_N,100nF 6.3V 0603 X5R 20%,CAP_0603_N,100nF 16V 0603 X7R 10%,De-rate from 6.3V to 16V;De-rate from X5R to X7R by; De-rate from 20% to 10%
DipTrace,CAP_0402,470pF 6.3V 0402,CAP_0402,470pF 6.3V 0402 C0G 5%,Use C0G by default;Use 5% by default
DipTrace,B2B-XH-A(LF)(SN),/.*/,XH-2A,,Use BOOMELE brand
DipTrace,B3B-XH-A(LF)(SN),/.*/,XH-3A,,Use BOOMELE brand
DipTrace,B4B-XH-A(LF)(SN),/.*/,XH-4A,,Use BOOMELE brand
DipTrace,B5B-XH-A(LF)(SN),/.*/,XH-5A,,Use BOOMELE brand
DipTrace,B6B-XH-A(LF)(SN),/.*/,XH-6A,,Use BOOMELE brand
DipTrace,B9B-XH-A(LF)(SN),/.*/,XH-9A,,Use BOOMELE brand
DipTrace,B2P-VH(LF)(SN),/.*/,VH-2A,,Use BOOMELE brand
DipTrace,B4P-VH(LF)(SN),/.*/,VH-4A,,Use BOOMELE brand
DipTrace,B6P-VH(LF)(SN),/.*/,VH-6A,,Use BOOMELE brand
DipTrace,2-2387405-2,/.*/,PCIE-G4071141D,,Use UMAX brand
DipTrace,PPTC041LFBN-RC,/.*/,2.54-1*4PFemale,,Use BOOMELE brand
DipTrace,RJMG1331171C1ER,/.*/,DGUK611U2B101DB2WD,,Use USAKRO brand
DipTrace,OSTVE043050,/.*/,WJ15EDGVC-3.81-04P-14-00A,,Use Ningbo brand
DipTrace,5499922-1,/.*/,331010SG0ABLA02,,Use JILN brand
DipTrace,HCM1205,/.*/,GMD12095YB-5V2400,,Use INGHAi brand
DipTrace,RES_0603_N,0R,RES_0603_N,0R 0603 333mW 75V,Use 333mW by default;Use 75V by default
DipTrace,RES_0603_N,33K2,RES_0603_N,33K2 0603 1% 75V 100mW,Use 1% by default;Use 75V by default;100mW by default
DipTrace,RES_0603_N,100K,RES_0603_N,100K 0603 1% 75V 100mW,Use 1% by default;Use 75V by default;100mW by default
DipTrace,RES_0603_N,24K9,RES_0603_N,24K9 0603 0.1% 75V 100mW,Use 0.1% by default;Use 75V by default;100mW by default
DipTrace,RES_0603_N,1K,RES_0603_N,1K 0603 0.1% 75V 100mW,Use 0.1% by default;Use 75V by default;100mW by default
DipTrace,RES_0402,118K 0402 1%,RES_0402,118K 0402 1% 50V 62.5mW,Use 50V by default;Use 62.5mW by default
DipTrace,RES_0402,174K 0402 1%,RES_0402,174K 0402 1% 50V 62.5mW,Use 50V by default;Use 62.5mW by default
DipTrace,RES_0402,22K1 0402 1%,RES_0402,22K1 0402 1% 50V 62.5mW,Use 50V by default;Use 62.5mW by default
DipTrace,RES_0402,22K1 0402 1%,RES_0402,22K1 0402 0.1% 50V 62.5mW,De-rate to 0.1%;Use 50V by default;Use 62.5mW by default
DipTrace,RES_0603_N,2R2,RES_0603_N,2R2 0603 1% 75V 100mW,Use 1% by default;Use 75V by default;Use 100mW by default
DipTrace,RES_0603_N,330R,RES_0603_N,330R 0603 1% 75V 100mW,Use 1% by default;Use 75V by default;Use 100mW by default
DipTrace,RES_0603_N,470R,RES_0603_N,470R 0603 1% 75V 100mW,Use 1% by default;Use 75V by default;Use 100mW by default
DipTrace,RES_0603_N,510R,RES_0603_N,510R 0603 1% 75V 100mW,Use 1% by default;Use 75V by default;Use 100mW by default
DipTrace,RES_0603_N,680R,RES_0603_N,680R 0603 1% 75V 100mW,Use 1% by default;Use 75V by default;Use 100mW by default
DipTrace,RES_0603_N,2K2,RES_0603_N,2K2 0603 1% 75V 100mW,Use 1% by default;Use 75V by default;Use 100mW by default
DipTrace,RES_1812_M,33K,RES_1812_M,33K 1812 5% 200V 750mW,Use 5% by default;Use 200V by default;Use 750mW by default
DipTrace,RES_0603_N,10K,RES_0603_N,10K 0603 1% 75V 100mW,Use 1% by default;Use 75V by default;Use 100mW by default
DipTrace,RES_0402,309K 0402 1%,RES_0402,309K 0402 1% 50V 62.5mW,Use 50V by default;Use 62.5mW by default
DipTrace,RES_0603_N,10R,RES_0603_N,10R 0603 1% 75V  200mW,Use 1% by default;Use 75V by default;Use 200mW by default
DipTrace,RES_0402,1K5 0402 1%,RES_0402,1K5 0402 1% 50V 62.5mW,Use 50V by default;Use 62.5mW by default
DipTrace,RES_0402,12K1 0402 1%,RES_0402,12K1 0402 1% 50V 62.5mW,Use 50V by default;Use 62.5mW by default
DipTrace,RES_0402,2K7 0402 1%,RES_0402,2K7 0402 1% 50V 62.5mW,Use 50V by default;Use 62.5mW by default
DipTrace,RES_0402,49R9 0402 1%,RES_0402,49R9 0402 1% 50V 62.5mW,Use 50V by default;Use 62.5mW by default
DipTrace,RES_0402,60R4 0402 1% 50V,RES_0402,60R4 0402 1% 50V 62.5mW,Use 62.5mW by default
DipTrace,RES_1206_N,120R,RES_1206_N,120R 1206 1% 200V 250mW,Use 1% by default;Use 200V by default;Use 250mW by default
DipTrace,RES_0603_N,47K,RES_0603_N,47K 0603 1% 75V 100mW,Use 1% by default;Use 75V by default;Use 100mW by default
DipTrace,XGZP6859D,/.*/,XGZP6859DC100KPGPN,,"Use -100KPA to +100KPA, SMD-6, I2C variant"
DipTrace,IND_0603_N,"600R@100MHz +/-25%, 350mA, 500mohm DC",IND_0603_N,"600R@100MHz +/-25%, 500mA, 500mohm DC",De-rate from 350mA to 500mA
DipTrace,/CAP_0603.*/,220nF 63V 0603 X5R 10%,CAP_0603_N,220nF 100V 0603 X5R 10%,De-rate from 63V to 100V
DipTrace,B5B-PH-SM4-TB(LF)(SN),/.*/,AFC20-S05BCA-00,,Use JUSHO brand
DipTrace,/RES_0603.*/,22R 1% 75V,RES_0603_N,22R 0603 1% 75V 100mW,Add size code;Use 100mW by default
DipTrace,/RES_0603.*/,47R 1% 75V,RES_0603_N,47R 0603 1% 75V 100mW,Add size code;Use 100mW by default
DipTrace,/RES_2512.*/,0R075 1206 1.5W 1%,RES_2512_N,0R075 1206 3W 1%,De-rate from 1.5W to 3W
DipTrace,01550900M,/.*/,XFCN,XF-154,Use XFCN brand.
DipTrace,RES_1206_N,1210 54Vclamp,RES_1206_N,AV20K1210401NIR1,
DipTrace,/RES_2512.*/,3K 1206 1W,RES_2512_N,3K 1206 1W 5%,Use 5% by default
