LCSC,Manufacturer,Mpn,Description
C193902,Foshan NationStar Optoelectronics,NCD0603R5,Red 65mW 0603 Light Emitting Diodes (LED) ROHS
C84266,Foshan NationStar Optoelectronics,NCD0603B1,blue 0603 Light Emitting Diodes (LED) ROHS
C84265,Foshan NationStar Optoelectronics,NCD0603W1,White light 0603 Light Emitting Diodes (LED) ROHS
C84267,Foshan NationStar Optoelectronics,NCD0603G1,Emerald 0603 Light Emitting Diodes (LED) ROHS
C84269,Foshan NationStar Optoelectronics,NCD0603O1,Orange 0603 Light Emitting Diodes (LED) ROHS
C84268,Foshan NationStar Optoelectronics,NCD0603Y1,yellow 0603 Light Emitting Diodes (LED) ROHS
C52923,Samsung Electro-Mechanics,CL05A105KA5NQNC,1uF ±10% 25V X5R 0402 Multilayer Ceramic Capacitors MLCC - SMD/SMT RoHS
C52923,Samsung Electro-Mechanics,CL05A105KA5NQNC,1uF ±10% 25V X5R 0402 Multilayer Ceramic Capacitors MLCC - SMD/SMT RoHS
C45783,Samsung Electro-Mechanics,CL21A226MAQNNNE,22uF 25V X5R ±20% 0805 Multilayer Ceramic Capacitors MLCC - SMD/SMT ROHS
C1525,Samsung Electro-Mechanics,CL05B104KO5NNNC,100nF 16V X7R ±10% 0402 Multilayer Ceramic Capacitors MLCC - SMD/SMT ROHS
C77004,Murata Electronics,GRM155R61A475KEAAD,10V 4.7uF X5R ±10% 0402 Multilayer Ceramic Capacitors MLCC - SMD/SMT ROHS
C96446,Samsung Electro-Mechanics,CL10A106MA8NRNC,10uF 25V X5R ±20% 0603 Multilayer Ceramic Capacitors MLCC - SMD/SMT ROHS
C97872,Murata Electronics,GRM155R71H221KA01D,220pF 50V X7R ±10% 0402 Multilayer Ceramic Capacitors MLCC - SMD/SMT ROHS
C107369,Samsung Electro-Mechanics,CL05A225KP5NSNC,10V 2.2uF X5R ±10% 0402 Multilayer Ceramic Capacitors MLCC - SMD/SMT ROHS
C19666,Samsung Electro-Mechanics,CL10A475KO8NNNC,16V 4.7uF X5R ±10% 0603 Multilayer Ceramic Capacitors MLCC - SMD/SMT ROHS
C19674255,HCI,8132H-50.000ML33DTL,-40℃~+85℃ 3.3V 50MHz CMOS ±2ppm SMD3225-4P Temperature Compensated Crystal Oscillators (TCXO) ROHS
C2843335,WINBOND,W25Q16JVUXIQ,"-40℃~+85℃ 100,000 cycles 10uA 133MHz 16Mbit 2.7V~3.6V 20 Years 3ms SPI USON-8-EP(2x3) NOR FLASH ROHS"
C730151,ST,STM32H725IGK6,"32-bit Arm Cortex-M7 550 MHz MCU, up to 1 MB Flash memory, 564 KB RAM, 35 comms peripherals and analog interfaces"
C113947,MDD(Microdiode Semiconductor),BAV21W,1.25V@200mA 100nA@250V 200mA 250V 3A 500mW 50ns Independent SOD-123 Switching Diodes ROHS
C6037812,Amphenol,10164228-1001A1RLF,"Header, 100 Position Board to Board Connector Surface Mount,P=0.4mm Gold"
C21261228,XKB Connection,X0408WVS-100A-LPV01,"-35℃~+85℃ 0.4mm 100P 2 300mA 30V Gold Phosphor Bronze Surface Mount,Vertical SMD,P=0.4mm Board-to-Board and Backplane Connector ROHS"
C531031,HRS,DF40C-100DP-0.4V(51),"Header, 100 Position Board to Board Connector Surface Mount,P=0.4mm Gold"
C42376235,G-Switch,GT-B0403MSV11-100B1101,"Header, 100 Position Board to Board Connector Surface Mount,P=0.4mm Gold"
C7435219,Amphenol,10164227-1004A1RLF,"Receptacle, 2 0.4mm Surface Mount,Vertical 100P SMD,P=0.4mm Arrays, Edge Type, Mezzanine (Board to Board) RoHS, 3.9mm"
C7602567,XKB Connection,X0408FVS-100F-LPV01,"-35℃~+85℃ 0.4mm 100P 2 300mA 30V Gold Phosphor bronze Surface Mount,Vertical SMD,P=0.4mm Board-to-Board and Backplane Connector ROHS, 3.9mm"
C424649,HRS,DF40HC(3.0)-100DS-0.4V(51),"Receptacle, 0.4mm Pitch, 1.5 to 4.0mm Height, Board-to-Board and Board-to-FPC Connectors, 2.9mm"
C42376280,G-Switch,GT-B0403FSV39-100B1101,"Receptacle, 100 Position Board to Board Connector Surface Mount,P=0.4mm Gold, 3.9mm"
C3151749,SHOU HAN,TYPE-C 16PLT-H10.0,USB-C (USB TYPE-C) Receptacle Connector 16 Position Surface Mount
C50380694,LCKELEC,LCK-TF-027H37508-WLG,-25℃~+85℃ Push-Pull 3.75mm Connector and Ejector MicroSD Card (TF Card) SMD PC Card Sockets RoHS
C7494852,Yxcon,F343-1211A0CMUB1,Female Header 22 Position 1.27mm Pitch Dual Row Surface Mount
C3975137,HCTL,PM127-2-11-S-4.3,"-40℃~+105℃ 1.27mm 1.27mm 1A 2 22P 2x11P 4.3mm Phosphor bronze Square Hole Surface Mount,Vertical Top SMD,P=1.27mm Female Headers ROHS"
C3975185,HCTL,PZ127-2-02-S,Pin Header 4 Position 1.27mm Pitch Dual Row Surface Mount -40℃~+105℃
C2932107,Samtec,FTSH-105-01-L-DV-K-P-TR,"Pin Header 2 3.05mm -55℃~+125℃ 10P 1.27mm 1.27mm 2x5P SMD,P=1.27mm Headers, Male Pins RoHS"
C3910547,Taiyo Yuden,MCHK1608T2R2MKN,1.2A 2.2uH 1.5A 292mΩ Multilayer inductor ±20% 0603 Fixed Inductors RoHS
C435392,muRata,DFE252012F-1R0M=P2,3.3A 1uH 4.7A 40mΩ ±20% 1008 Fixed Inductors RoHS
C25744,UNI-ROYAL(Uniroyal Elec),0402WGF1002TCE,-55℃~+155℃ 10kΩ 50V 62.5mW Thick Film Resistor ±1% ±100ppm/℃ 0402 Chip Resistor - Surface Mount ROHS
C25105,UNI-ROYAL(Uniroyal Elec),0402WGF330JTCE,-55℃~+155℃ 33Ω 50V 62.5mW Thick Film Resistor ±1% ±100ppm/℃ 0402 Chip Resistor - Surface Mount ROHS
C25900,UNI-ROYAL(Uniroyal Elec),0402WGF4701TCE,-55℃~+155℃ 4.7kΩ 50V 62.5mW Thick Film Resistor ±1% ±100ppm/℃ 0402 Chip Resistor - Surface Mount ROHS
C25905,UNI-ROYAL(Uniroyal Elec),0402WGF5101TCE,-55℃~+155℃ 5.1kΩ 50V 62.5mW Thick Film Resistor ±1% ±100ppm/℃ 0402 Chip Resistor - Surface Mount ROHS
C25118,UNI-ROYAL(Uniroyal Elec),0402WGF470JTCE,-55℃~+155℃ 47Ω 50V 62.5mW Thick Film Resistor ±1% ±100ppm/℃ 0402 Chip Resistor - Surface Mount ROHS
C17168,UNI-ROYAL(Uniroyal Elec),0402WGF0000TCE,-55℃~+155℃ 0Ω 50V 62.5mW Thick Film Resistor ±1% ±800ppm/℃ 0402 Chip Resistor - Surface Mount ROHS
C25104,UNI-ROYAL(Uniroyal Elec),0402WGF3300TCE,-55℃~+155℃ 330Ω 50V 62.5mW Thick Film Resistor ±1% ±100ppm/℃ 0402 Chip Resistor - Surface Mount ROHS
C25741,UNI-ROYAL(Uniroyal Elec),0402WGF1003TCE,-55℃~+155℃ 100kΩ 50V 62.5mW Thick Film Resistor ±1% ±100ppm/℃ 0402 Chip Resistor - Surface Mount ROHS
C27009,UNI-ROYAL(Uniroyal Elec),0402WGF4533TCE,-55℃~+155℃ 453kΩ 50V 62.5mW Thick Film Resistor ±1% ±100ppm/℃ 0402 Chip Resistor - Surface Mount ROHS
C25076,UNI-ROYAL(Uniroyal Elec),0402WGF1000TCE,-55℃~+155℃ 100Ω 50V 62.5mW Thick Film Resistor ±1% ±100ppm/℃ 0402 Chip Resistor - Surface Mount ROHS
C728884,YAGEO,YC164-FR-072KL,"2kΩ 4 62.5mW 8 ±1% ±200ppm/℃ 0603x4 Resistor Networks, Arrays ROHS"
C22775,UNI-ROYAL(Uniroyal Elec),0603WAF1000T5E,-55℃~+155℃ 100mW 100Ω 75V Thick Film Resistor ±1% ±100ppm/℃ 0603 Chip Resistor - Surface Mount ROHS
C22936,UNI-ROYAL(Uniroyal Elec),0603WAF100KT5E,-55℃~+155℃ 100mW 1Ω 75V Thick Film Resistor ±1% ±400ppm/℃ 0603 Chip Resistor - Surface Mount ROHS
C25091,UNI-ROYAL(Uniroyal Elec),0402WGF2200TCE,-55℃~+155℃ 220Ω 50V 62.5mW Thick Film Resistor ±1% ±100ppm/℃ 0402 Chip Resistor - Surface Mount ROHS
C473612,UNI-ROYAL(Uniroyal Elec),HP06W2J0000T5E,-55℃~+155℃ 0Ω 200V 500mW Thick Film Resistor ±5% 1206 Chip Resistor - Surface Mount ROHS
C5117876,G-Switch,GT-TC031A-H020-L1N,"-30℃~+85℃ 1.6N 100,000 cycles 12V 2.9mm 2mm 3.9mm 50mA Black No Round Button SMD(SMT) Tab SPST Surface Mount,Vertical Without Bracket SMD,3.9x2.9mm Tactile Switches ROHS"
C2934569,Espressif Systems,ESP32-C3-MINI-1-H4,"-40℃~+105℃ -96dBm 2.4GHz 20.5dBm 3.3V On-board PCB Antenna SPI SMD,16.6x13.2mm WiFi Modules ROHS"
C7362468,Texas Instruments,TMUXHS221NKGR,"-40℃~+125℃ 1.7pF 16us 2 2:1 3.3GHz 3V~3.6V 500ns 80ps 8Ω UQFN-10(1.4x1.8) Analog Switches, Multiplexers ROHS"
C2875445,Texas Instruments,SN3257QDYYRQ1,"-40℃~+125℃ 1.5V~5.5V 4 5Ω 95ns SPDT SOT-23-THN-16 Analog Switches, Multiplexers ROHS"
C22445521,Texas Instruments,TPS62A02PDDCR,-40℃~+125℃ 1 2.4MHz 2.5V~5.5V Buck Buck SOT-23-THIN-6 DC-DC Converters ROHS
C702185,Texas Instruments,TPS3820-50DBVR,-40℃~+85℃ 1 15uA 2.5V、3V、3.3V、5V 200ms 4.55V Active Low Push-pull Voltage Monitor Yes Yes SOT-23-5 Supervisor and Reset ICs ROHS
C1521993,Lattice,ICE40HX8K-CT256,-40℃~+100℃ 131072bit 7680 960 CABGA-256 Programmable Logic Device (CPLDs/FPGAs) ROHS
C23067542,G-Switch,GT-A2501WVD-102SBT01,"-25℃~+85℃ 1 1x2P 2 2.5mm 250V 2P 3A 7.1mm Beige Brass PA66 Through Hole Tin UL94V-0 XH Plugin,P=2.5mm Wire To Board Connector ROHS"
C304036,Walsin Tech Corp,1812B472K202CT,2kV 4.7nF X7R ±10% 1812 Multilayer Ceramic Capacitors MLCC - SMD/SMT ROHS
C1591,Samsung Electro-Mechanics,CL10B104KB8NNNC,100nF 50V X7R ±10% 0603 Multilayer Ceramic Capacitors MLCC - SMD/SMT ROHS
C487393,Ymin,VKME1651J331MV,"-55℃~+105℃ 1.58A@100kHz 10000hrs@105℃ 10mm 16.5mm 330uF 63V ±20% SMD,D10xL16.5mm Aluminum Electrolytic Capacitors - SMD ROHS"
C1591,Samsung Electro-Mechanics,CL10B104KB8NNNC,100nF 50V X7R ±10% 0603 Multilayer Ceramic Capacitors MLCC - SMD/SMT ROHS
C15725,Samsung Electro-Mechanics,CL10B104KC8NNNC,100V 100nF X7R ±10% 0603 Multilayer Ceramic Capacitors MLCC - SMD/SMT ROHS
C170099,Samsung Electro-Mechanics,CL32B475KBUYNNE,4.7uF 50V X7R ±10% 1210 Multilayer Ceramic Capacitors MLCC - SMD/SMT ROHS
C1588,Samsung Electro-Mechanics,CL10B102KB8NNNC,1nF 50V X7R ±10% 0603 Multilayer Ceramic Capacitors MLCC - SMD/SMT ROHS
C1589,Samsung Electro-Mechanics,CL10B103KB8NNNC,10nF 50V X7R ±10% 0603 Multilayer Ceramic Capacitors MLCC - SMD/SMT ROHS
C96446,Samsung Electro-Mechanics,CL10A106MA8NRNC,10uF 25V X5R ±20% 0603 Multilayer Ceramic Capacitors MLCC - SMD/SMT ROHS
C14860,Samsung Electro-Mechanics,CL31B106KAHNNNE,10uF 25V X7R ±10% 1206 Multilayer Ceramic Capacitors MLCC - SMD/SMT ROHS
C77023,Murata Electronics,GRM155R71H223KA12D,22nF 50V X7R ±10% 0402 Multilayer Ceramic Capacitors MLCC - SMD/SMT ROHS
C29936,Samsung Electro-Mechanics,CL10B105KA8NNNC,1uF 25V X7R ±10% 0603 Multilayer Ceramic Capacitors MLCC - SMD/SMT ROHS
C5440143,Samwha Capacitor,CS3225X7R476K160NRL,16V 47uF X7R ±10% 1210 Multilayer Ceramic Capacitors MLCC - SMD/SMT ROHS
C6328904,KYOCERA AVX,TAJA226M016RNJ,-55℃~+125℃ 16V 2.3Ω@100kHz 22uF ±20% 1206 Tantalum Capacitors ROHS
C155422,Samsung Electro-Mechanics,CL05B104KA5NNNC,100nF 25V X7R ±10% 0402 Multilayer Ceramic Capacitors MLCC - SMD/SMT ROHS
C5139656,Samsung Electro-Mechanics,CL05B472KC5VPNC,100V 4.7nF X7R ±10% 0402 Multilayer Ceramic Capacitors MLCC - SMD/SMT ROHS
C1653,Samsung Electro-Mechanics,CL10C220JB8NNNC,22pF 50V C0G ±5% 0603 Multilayer Ceramic Capacitors MLCC - SMD/SMT ROHS
