"AMS1117-3.3 (Advanced Monolithic Systems)","U4","AMS1117-3.3","C6186"
"ADUM1200ARZ-RL7 (Analog Devices)","U12, U13","ADUM1200ARZ-RL7","C15219"
"MAX3490EESA+T (Analog Devices Inc./Maxim Integrated)","U26","MAX3490EESA+T","C23404"
"HX717 (Avia Semicon (Xiamen))","U29","HX717","C2961106"
"2.54-1*4PFemale (BOOMELE(Boom Precision Elec))","J12, J33","2.54-1*4PFemale","C2718488"
"VH-2A (BOOMELE(Boom Precision Elec))","J7","VH-2A","C16728"
"VH-4A (BOOMELE(Boom Precision Elec))","J5, J8, J11","VH-4A","C8884"
"VH-6A (BOOMELE(Boom Precision Elec))","J3, J4, J9","VH-6A","C21473"
"XH-2ARed (BOOMELE(Boom Precision Elec))","J24","XH-2A_RED","C24192"
"XH-2AYellow (BOOMELE(Boom Precision Elec))","J22","XH-2A_YELLOW","C57141"
"XH-3A (BOOMELE(Boom Precision Elec))","J1, J32, J34","XH-3A","C2316"
"XH-4A Yellow (BOOMELE(Boom Precision Elec))","J21","XH-4A_YELLOW","C68117"
"XH-4ABlack (BOOMELE(Boom Precision Elec))","J17","XH-4A_BLACK","C57846"
"XH-4AGreen (BOOMELE(Boom Precision Elec))","J2","XH-4A_GREEN","C192885"
"XH-5ABlue (BOOMELE(Boom Precision Elec))","J37, J38","XH-5A_BLUE","C57142"
"XH-6A (BOOMELE(Boom Precision Elec))","J16, J20, J31, J39","XH-6A","C5663"
"XH-9A (BOOMELE(Boom Precision Elec))","J25, J26, J27, J28, J35, J36","XH-9A","C33435"
"PESD5V0S2BT (BORN)","E12, E13, E14, E15","PESD5V0S2BT,215","C343998"
"XGZP6859DC100KPGPN (CFSensor)","U27, U28","XGZP6859DC100KPGPN","C9900005447"
"AAPS0650M4R7H (COILANK INTERNATIONAL)","L2, L3","AAPS0650","C49073771"
"CR1812J33K0E04Z (Ever Ohms Tech)","R28","RES_1812_M","C174886"
"NCD0603G1 (Foshan NationStar Optoelectronics)","D1, D3, D4, D5, D6","LED_0603","C84267"
"NCD0603R5 (Foshan NationStar Optoelectronics)","D2, D19","LED_0603","C193902"
"HC-PBB40C-100DS-0.4V-3.0-02 (HCTL)","J40, J41, J42, J43","HC-PBB40C-100DS-0.4V-3.0-02","C19089295"
"GMD12095YB-5V2400 (INGHAi)","LS1","GMD12095YB-5V2400","C252941"
"IRF7341TRPBF (Infineon Technologies)","Q1, Q2, Q3, Q4","IRF7341PbF","C21791"
"331010SG0ABLA02 (JILN)","J29, J30","331010SG0ABLA02","C601978"
"TAJA226M016RNJ (KYOCERA AVX)","C27","CAPP_1206_N","C6328904"
"RXEF110 (Littelfuse)","F1, F2, F3, F4, F5, F6, F7, F8, F9, F10, F11, F12","RXEF110","C3760872"
"SMAJ12A (MDD(Microdiode Semiconductor))","E8, E9","MDD_SMA_DO214AC_SMAJ12A","C113957"
"SMAJ24A (MDD(Microdiode Semiconductor))","E4","MDD_SMA_DO214AC_SMAJ24A","C113962"
"SMAJ5.0A (MDD(Microdiode Semiconductor))","E2, E3, E10, E11","MDD_SMA_DO214AC_SMAJ5.0A","C113952"
"SMAJ7.0A (MDD(Microdiode Semiconductor))","E1","MDD_SMA_DO214AC_SMAJ7.0A","C138782"
"SS14 (MDD(Microdiode Semiconductor))","D7, D8, D9, D10, D11, D12, D13, D16, D20, D21","SS14","C2480"
"SS310 (MDD(Microdiode Semiconductor))","D14, D15, D17, D18","SS310","C15874"
"LAN8742AI-CZ-TR (Microchip Tech)","U20","LAN8742AI-CZ-TR","C621425"
"MCP1416T-E/OT (Microchip Tech)","U14, U15, U16, U17","MCP1416T-E/OT","C83775"
"GRM155R71H223KA12D (Murata Electronics)","C4, C5, C9, C10","GRM155R71H223KA12D","C77023"
"NX2016SA-25MHZ-STD-CZS-2 (NDK)","X1","NX2016SA-25MHZ-STD-CZS-2","C843258"
"PCA9545APW,118 (NXP Semicon)","U24, U25","PCA9545APW,118","C515584"
"WJ15EDGVC-3.81-04P-14-00A (Ningbo Kangnex Elec)","J18, J19","WJ15EDGVC-3.81-04P-14-00A","C8410"
"PS2801-1-F3-A/L (RENESAS)","U31, U33, U34, U36","PS2801-1-A","C3293138"
"X503212MSB2GI (SMD5032-2P)","Y1","X503212MSB2GI","C112573"
"SMAJ48A-TR (STMicroelectronics)","E5, E6","MDD_SMA_DO214AC_SMAJ48A","C1973855"
"USBLC6-4SC6 (STMicroelectronics)","U21","USBLC6-4SC6","C111212"
"SMNR4030-220MT (SXN(Shun Xiang Nuo Elec))","L1, L4, L5","SMNR4030-22UH","C135264"
"CL05A105KA5NQNC (Samsung Electro-Mechanics)","C74","CAP_0402","C52923"
"CL05B104KA5NNNC (Samsung Electro-Mechanics)","C34, C57, C58, C63, C64, C75, C76, C77, C79, C80, C81, C82, C83, C88, C89, C90, C92, C93, C94, C95, C96, C120, C121, C122, C123","CAP_0402","C155422"
"CL05B472KC5VPNC (Samsung Electro-Mechanics)","C84, C85","CAP_0402","C5139656"
"CL05C471JB5NNNC (Samsung Electro-Mechanics)","C73","CAP_0402","C307449"
"CL10A106MA8NRNC (Samsung Electro-Mechanics)","C19, C70, C71, C72, C78, C91, C97","CAP_0603_N","C96446"
"CL10B102KB8NNNC (Samsung Electro-Mechanics)","C61, C62, C67, C68","CAP_0603_N","C1588"
"CL10B103KB8NNNC (Samsung Electro-Mechanics)","C98, C99, C100, C102, C103, C104, C105, C106, C107, C108, C109, C110, C111, C112, C113, C114, C115, C116, C117, C118","CAP_0603_N","C1589"
"CL10B104KC8NNNC (Samsung Electro-Mechanics)","C6, C15, C16, C20, C43, C44, C49, C50, C53, C54, C55, C56, C69, C87, C101, C119, C124, C125, C126, C127, C128, C129, C130, C131, C132","CAP_0603_N","C15725"
"CL10B105KA8NNNC (Samsung Electro-Mechanics)","C11, C12, C59, C60, C65, C66, C86","CAP_0603_N","C29936"
"CL10C220JB8NNNC (Samsung Electro-Mechanics)","C17, C18","CAP_0603_N","C1653"
"CL21A226MAQNNNE (Samsung Electro-Mechanics)","C13, C14, C45, C46, C47, C48","CAP_0805_N","C45783"
"CL31B106KAHNNNE (Samsung Electro-Mechanics)","C51, C52","CAP_1206_N","C14860"
"CL32B475KBUYNNE (Samsung Electro-Mechanics)","C1, C2, C3, C7, C8, C41, C42","CAP_1210_N","C170099"
"FTSH-105-01-L-DV-K-P-TR (Samtec)","J14","FTSH-105-01-L-DV-K-P-TR","C2932107"
"CS3225X7R476K160NRL (Samwha Capacitor)","C21, C22, C23, C24, C25, C26, C28, C29","CAP_1210","C5440143"
"FCM1608KF-601T05 (TAI-TECH)","L6","IND_0603_N","C133937"
"TK110P10PL,RQ(S2 (TOSHIBA)","Q5, Q6, Q7, Q8","TK110P10PL","C695267"
"FE2.1-CQFP48A (Terminus Tech)","U19","FE2.1-CQFP48A","C39693"
"AM26LV32IDR (Texas Instruments)","U42, U43, U44, U45, U46","AM26LV32IDR","C524786"
"LM61460AASQRJRRQ1 (Texas Instruments)","U2, U3","LM61460AASQRJRRQ1","C1855832"
"LM66100DCKT (Texas Instruments)","U5, U6","LM66100","C2832141"
"LMR51610YDBVR (Texas Instruments)","U1, U8, U9","LMR51610YDBVR","C22427220"
"LSF0102DCUR (Texas Instruments)","U7","LSF0102DCUR","C964636"
"SN74HCT245DGSR (Texas Instruments)","U18, U40, U41","SN74HCT245DGSR","C6489181"
"SN74LV4052APWR (Texas Instruments)","U30","SN74LV4052APWR","C8142"
"SN74LVC4245APWR (Texas Instruments)","U39","SN74LVC4245APWR","C7859"
"TCAN1044AVDRBRQ1 (Texas Instruments)","U22, U23","TCAN1044AVDRBRQ1","C3234119"
"PCIE-G4071141D (UMAX)","J6, J10, J15, J23","PCIE-G4071141D","C48946905"
"0402WGF1002TCE (UNI-ROYAL(Uniroyal Elec))","R65, R66, R67, R68, R71, R72, R81, R84, R85, R96, R97, R110, R112, R113, R151, R152, R153, R154, R160","RES_0402","C25744"
"0402WGF1003TCE (UNI-ROYAL(Uniroyal Elec))","R26, R27","RES_0402","C25741"
"0402WGF3300TCE (UNI-ROYAL(Uniroyal Elec))","R79, R80, R88, R89","RES_0402","C25104"
"0402WGF330JTCE (UNI-ROYAL(Uniroyal Elec))","R63, R64, R69, R70","RES_0402","C25105"
"0402WGF4701TCE (UNI-ROYAL(Uniroyal Elec))","R90, R91, R92, R93","RES_0402","C25900"
"DGUK611U2B101DB2WD (USAKRO)","J13","DGUK611U2B101DB2WD","C19725142"
"78L05G-AB3-R (UTC(Unisonic Tech))","U10, U11","78L05G-AB3-R","C71136"
"CRCW06030000Z0EAHP (Vishay Intertech)","R1, R2, R3, R4, R9, R10, R111","RES_0603_N","C844719"
"SI1902CDL-T1-GE3 (Vishay Intertech)","Q9, Q11","SI1902CDL-T1-GE3","C466988"
"SMCJ6.0A-E3/57T (Vishay Intertech)","E7","SMCJ6.0A-E3/57T","C1976142"
"1812B472K202CT (Walsin Tech Corp)","C40","CAP_1812_N","C304036"
"XL-1615RGBC-2812B (XINGLIGHT)","U32, U35, U37, U38","XL-1615RGBC-2812B","C5349954"
"RC0402FR-0712K1L (YAGEO)","R73","RES_0402","C132157"
"RC0402FR-07174KL (YAGEO)","R7","RES_0402","C138048"
"RC0402FR-071K5L (YAGEO)","R62","RES_0402","C114759"
"RC0402FR-0722K1L (YAGEO)","R8, R34, R36, R109","RES_0402","C163478"
"RC0402FR-072K7L (YAGEO)","R74","RES_0402","C138017"
"RC0402FR-07309KL (YAGEO)","R33, R35","RES_0402","C171694"
"RC0402FR-0749R9L (YAGEO)","R75, R76, R77, R78, R107, R108","RES_0402","C87044"
"RC0402FR-0760R4L (YAGEO)","R82, R83, R86, R87","RES_0402","C137954"
"RC0603FR-07100KL (YAGEO)","R11, R13, R24, R25","RES_0603_N","C14675"
"RC0603FR-0710KL (YAGEO)","R29, R31, R37, R39, R41, R43, R45, R46, R47, R49, R50, R53, R55, R56, R57, R58, R114, R115, R118, R119, R122, R127, R134, R136, R141, R147, R149","RES_0603_N","C98220"
"RC0603FR-07330RL (YAGEO)","R18, R19, R20, R21, R22, R30, R32, R38, R40, R42, R44, R48, R54","RES_0603_N","C105881"
"RC0603FR-0733K2L (YAGEO)","R5, R6","RES_0603_N","C185338"
"RC0603FR-0747KL (YAGEO)","R143","RES_0603_N","C105579"
"RC0603FR-07510RL (YAGEO)","R23, R145, R146, R148, R150","RES_0603_N","C114670"
"RC0603FR-7W10KL (YAGEO)","R51, R52, R59, R60, R99, R100, R101, R102","RES_0603_N","C859110"
"RC1206JR-07120RL (YAGEO)","R98","RES_1206_N","C137204"
"RT0603BRD071KL (YAGEO)","R15, R16, R17, R61, R116, R117, R120, R121, R123, R124, R125, R126, R128, R129, R130, R131, R132, R133, R135, R137, R138, R139, R140, R142, R144","RES_0603_N","C110776"
"RT0603BRE0724K9L (YAGEO)","R12, R14","RES_0603_N","C861775"
"YC164-FR-072KL (YAGEO)","R94, R95, R103, R104, R105, R106, R155, R156, R157, R158, R159","YC164-FR-072KL","C728884"
"VKME1651J331MV (Ymin)","C30, C31, C32, C33","VKME1651J331MV","C487393"
"BSS138LT1G (onsemi)","Q10","BSS138LT1G","C82045"
