"RefDes","Manufacturer","Mpn","Place","PcbSide","X","Y","Rotation"
"C1","Samsung Electro-Mechanics","CL05A105KA5NQNC","true","Top","92","38.9","180"
"C2","Samsung Electro-Mechanics","CL21A226MAQNNNE","true","Top","94.175","38.725","90"
"C3","Samsung Electro-Mechanics","CL05B104KO5NNNC","true","Top","96.875","37.7","0"
"C4","Samsung Electro-Mechanics","CL05B104KO5NNNC","true","Top","70.7","21.45","90"
"C5","Murata Electronics","GRM155R61A475KEAAD","true","Top","49.6","48.55","90.01"
"C6","Samsung Electro-Mechanics","CL05A105KA5NQNC","true","Top","71.7","21.45","90"
"C7","Samsung Electro-Mechanics","CL05B104KO5NNNC","true","Top","86.2","19.75","0"
"C8","Samsung Electro-Mechanics","CL05A105KA5NQNC","true","Top","86.2","18.75","0"
"C9","Samsung Electro-Mechanics","CL05B104KO5NNNC","true","Top","98","16.4","-90"
"C10","Samsung Electro-Mechanics","CL10A106MA8NRNC","true","Top","96.7","16.2","-90"
"C11","Samsung Electro-Mechanics","CL10A106MA8NRNC","true","Bottom","50.35","48.05","180"
"C12","Samsung Electro-Mechanics","CL10A106MA8NRNC","true","Bottom","50.35","45.15","180"
"C13","Samsung Electro-Mechanics","CL10A106MA8NRNC","true","Bottom","50.35","46.6","180"
"C14","Samsung Electro-Mechanics","CL05B104KO5NNNC","true","Top","71.6","48","-90"
"C15","Samsung Electro-Mechanics","CL05B104KO5NNNC","true","Bottom","61.575","50.975","0"
"C16","Samsung Electro-Mechanics","CL05B104KO5NNNC","true","Top","35.4","46","90"
"C17","Samsung Electro-Mechanics","CL05B104KO5NNNC","true","Top","79.6","48","-90"
"C18","Samsung Electro-Mechanics","CL05B104KO5NNNC","true","Top","43.4","46","90"
"C19","Samsung Electro-Mechanics","CL05A105KA5NQNC","true","Bottom","55.05","49.025","0"
"C20","Samsung Electro-Mechanics","CL05B104KO5NNNC","true","Top","15.8","37.7","0"
"C21","Murata Electronics","GRM155R71H221KA01D","true","Top","14.1","34.425","180"
"C22","Murata Electronics","GRM155R71H221KA01D","true","Top","14.1","26.15","180"
"C23","Murata Electronics","GRM155R71H221KA01D","true","Top","14.1","17.825","180"
"C39","Samsung Electro-Mechanics","CL05B104KO5NNNC","true","Bottom","54.575","47.075","-90"
"C58","Samsung Electro-Mechanics","CL05B104KO5NNNC","true","Bottom","59.75","49.025","-90"
"C66","Samsung Electro-Mechanics","CL05A225KP5NSNC","true","Bottom","62.225","44.375","0.01"
"C68","Samsung Electro-Mechanics","CL05A225KP5NSNC","true","Bottom","62.225","43.425","0.01"
"C69","Samsung Electro-Mechanics","CL05A225KP5NSNC","true","Bottom","53.925","55.175","-179.99"
"C71","Samsung Electro-Mechanics","CL05B104KO5NNNC","true","Bottom","50.35","52.175","180"
"C87","Samsung Electro-Mechanics","CL05B104KO5NNNC","true","Bottom","59.25","52.2","180"
"C88","Samsung Electro-Mechanics","CL05B104KO5NNNC","true","Bottom","59.75","50.875","-90"
"C89","Samsung Electro-Mechanics","CL05B104KO5NNNC","true","Bottom","55.725","51.925","0"
"C92","Samsung Electro-Mechanics","CL05B104KO5NNNC","true","Bottom","53.925","54.25","180"
"C95","Samsung Electro-Mechanics","CL05B104KO5NNNC","true","Top","74.15","29.05","-90"
"C107","Samsung Electro-Mechanics","CL10A475KO8NNNC","true","Bottom","50.35","49.5","180"
"C108","Murata Electronics","GRM155R71H221KA01D","true","Top","49.6","51.2","-90"
"C109","Samsung Electro-Mechanics","CL10A106MA8NRNC","true","Bottom","50.35","50.975","180"
"C110","Samsung Electro-Mechanics","CL10A106MA8NRNC","true","Bottom","62.15","54.875","0.01"
"C120","Samsung Electro-Mechanics","CL05B104KO5NNNC","true","Bottom","58.8","31.3","-135"
"C132","Samsung Electro-Mechanics","CL21A226MAQNNNE","true","Top","17.3","24.225","180"
"C133","Samsung Electro-Mechanics","CL21A226MAQNNNE","true","Top","17.3","26.1","180"
"C134","Samsung Electro-Mechanics","CL10A475KO8NNNC","true","Top","11.6","21.4","-90"
"C135","Samsung Electro-Mechanics","CL21A226MAQNNNE","true","Top","17.3","17.8","180"
"C136","Samsung Electro-Mechanics","CL21A226MAQNNNE","true","Top","17.3","15.925","180"
"C137","Samsung Electro-Mechanics","CL10A475KO8NNNC","true","Top","11.6","13.1","-90"
"C138","Samsung Electro-Mechanics","CL21A226MAQNNNE","true","Top","17.3","34.4","180"
"C139","Samsung Electro-Mechanics","CL21A226MAQNNNE","true","Top","17.3","32.525","180"
"C140","Samsung Electro-Mechanics","CL10A475KO8NNNC","true","Top","11.6","29.7","-90"
"C141","Samsung Electro-Mechanics","CL05B104KO5NNNC","true","Bottom","55.5","31.2","-45"
"C142","Samsung Electro-Mechanics","CL05B104KO5NNNC","true","Bottom","55.475","27.975","45"
"C143","Samsung Electro-Mechanics","CL05B104KO5NNNC","true","Bottom","59.2","28","90"
"C144","Samsung Electro-Mechanics","CL05B104KO5NNNC","true","Bottom","59.5","24.4","180"
"C145","Samsung Electro-Mechanics","CL21A226MAQNNNE","true","Top","47.5","34.85","-179.99"
"C146","Samsung Electro-Mechanics","CL05B104KO5NNNC","true","Bottom","55.4","29.7","-45"
"C147","Samsung Electro-Mechanics","CL05B104KO5NNNC","true","Bottom","50.85","25.6","90"
"C148","Samsung Electro-Mechanics","CL05B104KO5NNNC","true","Bottom","50.925","33.6","-90"
"C149","Samsung Electro-Mechanics","CL05B104KO5NNNC","true","Bottom","52","30","0"
"C150","Samsung Electro-Mechanics","CL05B104KO5NNNC","true","Bottom","60.7","35.8","180"
"C151","Samsung Electro-Mechanics","CL05B104KO5NNNC","true","Bottom","57.5","35.6","0"
"C152","Samsung Electro-Mechanics","CL05B104KO5NNNC","true","Bottom","57","31.3","-45"
"C153","Samsung Electro-Mechanics","CL05B104KO5NNNC","true","Bottom","53.5","35.6","0"
"C154","Samsung Electro-Mechanics","CL05B104KO5NNNC","true","Bottom","63.9","33.6","-90"
"C155","Samsung Electro-Mechanics","CL05B104KO5NNNC","true","Bottom","63.375","25.2","0"
"C156","Samsung Electro-Mechanics","CL05B104KO5NNNC","true","Bottom","63.5","28.8","-90"
"C157","Samsung Electro-Mechanics","CL05B104KO5NNNC","true","Bottom","58.7","29.4","180"
"C158","Samsung Electro-Mechanics","CL05B104KO5NNNC","true","Bottom","58.3","28","90"
"C159","Samsung Electro-Mechanics","CL05B104KO5NNNC","true","Bottom","56.8","28","45"
"C160","Samsung Electro-Mechanics","CL05B104KO5NNNC","true","Bottom","61.5","22.9","-90"
"C161","Samsung Electro-Mechanics","CL05B104KO5NNNC","true","Bottom","54.3","22.9","-90"
"C162","Murata Electronics","GRM155R61A475KEAAD","true","Bottom","49.95","33.6","90"
"C163","Samsung Electro-Mechanics","CL05B104KO5NNNC","true","Bottom","48.975","33.6","90"
"C164","Murata Electronics","GRM155R61A475KEAAD","true","Bottom","62.9","38.2","0"
"C165","Samsung Electro-Mechanics","CL05B104KO5NNNC","true","Bottom","62.9","39.175","0"
"C166","Murata Electronics","GRM155R61A475KEAAD","true","Bottom","51.2","28.3","0.01"
"C167","Samsung Electro-Mechanics","CL05B104KO5NNNC","true","Bottom","54.3","28.8","-90"
"C168","Murata Electronics","GRM155R61A475KEAAD","true","Bottom","65.2","30","-90"
"C169","Samsung Electro-Mechanics","CL05B104KO5NNNC","true","Bottom","61.3","29.8","-45"
"C170","Samsung Electro-Mechanics","CL05B104KO5NNNC","true","Top","47.25","53.15","180"
"C172","Samsung Electro-Mechanics","CL05B104KO5NNNC","true","Bottom","58.475","47.575","90"
"C173","Samsung Electro-Mechanics","CL05B104KO5NNNC","true","Bottom","55.875","47.575","90"
"C174","Samsung Electro-Mechanics","CL05B104KO5NNNC","true","Bottom","59.975","47.725","180"
"C175","Samsung Electro-Mechanics","CL05B104KO5NNNC","true","Bottom","55.05","50.975","0"
"C176","Samsung Electro-Mechanics","CL05B104KO5NNNC","true","Bottom","55.725","52.925","0"
"D1","Foshan NationStar Optoelectronics","NCD0603G1","true","Top","55.9","10.75","180"
"D2","Foshan NationStar Optoelectronics","NCD0603G1","true","Top","59","10.75","0"
"D8","MDD(Microdiode Semiconductor)","BAV21W","true","Bottom","42.8","31.525","-89.99"
"D10","Foshan NationStar Optoelectronics","NCD0603B1","true","Top","19.85","12.9","90"
"D18","Foshan NationStar Optoelectronics","NCD0603O1","true","Top","82.45","26","90"
"D19","Foshan NationStar Optoelectronics","NCD0603R5","true","Top","32.5","32.45","-90"
"D20","Foshan NationStar Optoelectronics","NCD0603Y1","true","Top","32.5","26","90"
"D21","Foshan NationStar Optoelectronics","NCD0603G1","true","Top","82.45","32.45","-90"
"D23","Foshan NationStar Optoelectronics","NCD0603B1","true","Top","19.8","16.7","90"
"J1","G-Switch","GT-B0403MSV11-100B1101","true","Bottom","17.5","48.5","-90"
"J2","G-Switch","GT-B0403MSV11-100B1101","true","Bottom","97.5","48.5","-90"
"J3","G-Switch","GT-B0403MSV11-100B1101","true","Bottom","32.5","14.5","0"
"J4","G-Switch","GT-B0403MSV11-100B1101","true","Bottom","82.5","14.5","0"
"J6","SHOU HAN","TYPE-C 16PLT-H10.0","true","Top","50.75","13.5","180"
"J7","Yxcon","F343-1211A0CMUB1","true","Top","57.5","19.3","180"
"J8","SHOU HAN","TYPE-C 16PLT-H10.0","true","Top","64.25","13.5","180"
"J9","LCKELEC","LCK-TF-027H37508-WLG","true","Top","101.797","17.1","-90"
"J10","HCTL","PZ127-2-02-S","true","Top","103.25","41.55","180"
"J29","Yxcon","F343-1211A0CMUB1","true","Top","78.8","26.6","90"
"J34","G-Switch","GT-A2501WVD-102SBT01","true","Top","12.875","42.575","-90"
"J36","Samtec","FTSH-105-01-L-DV-K-P-TR","true","Top","27.5","26","-90"
"J37","Yxcon","F343-1211A0CMUB1","true","Top","36.2","26.6","90"
"L3","Taiyo Yuden","MCHK1608T2R2MKN","true","Top","51.1","51.225","-90"
"L8","muRata","DFE252012F-1R0M=P2","true","Top","17.6","21.2","90"
"L9","muRata","DFE252012F-1R0M=P2","true","Top","17.6","12.9","90"
"L10","muRata","DFE252012F-1R0M=P2","true","Top","17.6","29.5","90"
"R1","UNI-ROYAL(Uniroyal Elec)","0402WGF1002TCE","true","Top","86.5","28.75","0"
"R2","UNI-ROYAL(Uniroyal Elec)","0402WGF1002TCE","true","Top","92","38","0"
"R3","UNI-ROYAL(Uniroyal Elec)","0402WGF1002TCE","true","Top","86.5","26.25","0"
"R4","UNI-ROYAL(Uniroyal Elec)","0402WGF1002TCE","true","Top","86.5","27.75","0"
"R5","UNI-ROYAL(Uniroyal Elec)","0402WGF330JTCE","true","Top","86.5","31.15","180"
"R6","UNI-ROYAL(Uniroyal Elec)","0402WGF330JTCE","true","Top","86.5","30.15","180"
"R7","UNI-ROYAL(Uniroyal Elec)","0402WGF1002TCE","true","Top","72.7","21.45","90"
"R8","UNI-ROYAL(Uniroyal Elec)","0402WGF1002TCE","true","Top","69.7","21.45","90"
"R9","UNI-ROYAL(Uniroyal Elec)","0402WGF4701TCE","true","Top","68.7","21.45","-90"
"R10","UNI-ROYAL(Uniroyal Elec)","0402WGF5101TCE","true","Top","64.25","16.025","180"
"R11","UNI-ROYAL(Uniroyal Elec)","0402WGF5101TCE","true","Top","66","17","180"
"R12","UNI-ROYAL(Uniroyal Elec)","0402WGF1002TCE","true","Top","86.2","17.75","0"
"R13","UNI-ROYAL(Uniroyal Elec)","0402WGF1002TCE","true","Top","86.2","20.7","0"
"R14","UNI-ROYAL(Uniroyal Elec)","0402WGF5101TCE","true","Top","49.025","17","0"
"R15","UNI-ROYAL(Uniroyal Elec)","0402WGF5101TCE","true","Top","50.75","16.025","0"
"R16","UNI-ROYAL(Uniroyal Elec)","0402WGF4701TCE","true","Top","86.2","21.65","180"
"R17","UNI-ROYAL(Uniroyal Elec)","0402WGF1002TCE","true","Top","86.5","34.25","0"
"R18","UNI-ROYAL(Uniroyal Elec)","0402WGF1002TCE","true","Top","86.5","25.25","180"
"R19","UNI-ROYAL(Uniroyal Elec)","0402WGF470JTCE","true","Bottom","53.275","48.375","-90"
"R20","UNI-ROYAL(Uniroyal Elec)","0402WGF0000TCE","true","Top","65.525","53.575","90"
"R21","UNI-ROYAL(Uniroyal Elec)","HP06W2J0000T5E","true","Bottom","46.5","13.5","-90"
"R22","UNI-ROYAL(Uniroyal Elec)","0603WAF1000T5E","true","Top","26.125","21.875","0"
"R23","UNI-ROYAL(Uniroyal Elec)","0402WGF3300TCE","true","Top","31.3","32.45","90"
"R24","UNI-ROYAL(Uniroyal Elec)","0402WGF3300TCE","true","Top","82.45","23.325","90"
"R25","UNI-ROYAL(Uniroyal Elec)","0402WGF3300TCE","true","Top","32.5","23.45","90"
"R26","UNI-ROYAL(Uniroyal Elec)","0402WGF1002TCE","true","Bottom","14.025","58.3","0"
"R27","UNI-ROYAL(Uniroyal Elec)","0402WGF3300TCE","true","Top","51.45","10.75","180"
"R28","UNI-ROYAL(Uniroyal Elec)","0402WGF3300TCE","true","Top","63.55","10.75","0"
"R29","UNI-ROYAL(Uniroyal Elec)","0402WGF0000TCE","true","Bottom","103.885","41.55","90"
"R30","UNI-ROYAL(Uniroyal Elec)","0402WGF0000TCE","true","Bottom","102.615","41.55","90"
"R31","UNI-ROYAL(Uniroyal Elec)","0402WGF0000TCE","true","Bottom","50.35","53.175","0"
"R32","UNI-ROYAL(Uniroyal Elec)","0402WGF330JTCE","true","Bottom","71.9","37.2","-90"
"R33","UNI-ROYAL(Uniroyal Elec)","0402WGF1002TCE","true","Top","51.1","48.55","90.01"
"R34","UNI-ROYAL(Uniroyal Elec)","0402WGF330JTCE","true","Bottom","73.1","37.2","-90"
"R35","UNI-ROYAL(Uniroyal Elec)","0402WGF330JTCE","true","Bottom","71.3","35.25","-90"
"R36","UNI-ROYAL(Uniroyal Elec)","0402WGF330JTCE","true","Bottom","70.7","37.2","-90"
"R37","UNI-ROYAL(Uniroyal Elec)","0402WGF330JTCE","true","Bottom","72.5","35.25","-90"
"R38","UNI-ROYAL(Uniroyal Elec)","0402WGF3300TCE","true","Bottom","94","24.15","-90"
"R41","UNI-ROYAL(Uniroyal Elec)","0402WGF1002TCE","true","Bottom","44.35","15.9","90"
"R42","UNI-ROYAL(Uniroyal Elec)","0402WGF1002TCE","true","Bottom","70.925","16.3","90"
"R46","UNI-ROYAL(Uniroyal Elec)","0402WGF1002TCE","true","Top","48.475","26.425","-90"
"R47","UNI-ROYAL(Uniroyal Elec)","0402WGF1002TCE","true","Top","11.75","61.125","0"
"R48","UNI-ROYAL(Uniroyal Elec)","0402WGF1002TCE","true","Top","48.475","28.225","90"
"R133","UNI-ROYAL(Uniroyal Elec)","0402WGF1003TCE","true","Top","12.1","24.15","180"
"R134","UNI-ROYAL(Uniroyal Elec)","0402WGF4533TCE","true","Top","14.1","25.15","0"
"R135","UNI-ROYAL(Uniroyal Elec)","0402WGF4533TCE","true","Top","14.1","24.15","0"
"R136","UNI-ROYAL(Uniroyal Elec)","0402WGF1003TCE","true","Top","12.1","15.85","180"
"R137","UNI-ROYAL(Uniroyal Elec)","0402WGF4533TCE","true","Top","14.1","16.85","0"
"R138","UNI-ROYAL(Uniroyal Elec)","0402WGF4533TCE","true","Top","14.1","15.85","0"
"R139","UNI-ROYAL(Uniroyal Elec)","0402WGF1003TCE","true","Top","12.1","32.45","180"
"R142","UNI-ROYAL(Uniroyal Elec)","0402WGF1003TCE","true","Top","14.1","33.45","0"
"R143","UNI-ROYAL(Uniroyal Elec)","0402WGF4533TCE","true","Top","14.1","32.45","0"
"R144","UNI-ROYAL(Uniroyal Elec)","0603WAF1000T5E","true","Bottom","45.4","28.3","0.01"
"R145","UNI-ROYAL(Uniroyal Elec)","0603WAF1000T5E","true","Bottom","66.8","31.3","-90"
"R146","UNI-ROYAL(Uniroyal Elec)","0603WAF1000T5E","true","Bottom","45.4","33.1","0.01"
"R147","UNI-ROYAL(Uniroyal Elec)","0402WGF1002TCE","true","Bottom","60.7","36.75","0"
"R148","UNI-ROYAL(Uniroyal Elec)","0402WGF3300TCE","true","Top","74.9","32.55","180"
"R149","UNI-ROYAL(Uniroyal Elec)","0402WGF3300TCE","true","Top","74.9","33.45","180"
"R152","UNI-ROYAL(Uniroyal Elec)","0603WAF100KT5E","true","Bottom","45.4","30","-179.99"
"R153","UNI-ROYAL(Uniroyal Elec)","0603WAF100KT5E","true","Bottom","57.35","37.2","0"
"R154","UNI-ROYAL(Uniroyal Elec)","0603WAF100KT5E","true","Bottom","66.8","28","-90"
"R155","UNI-ROYAL(Uniroyal Elec)","0603WAF100KT5E","true","Bottom","64.7","22.8","0.01"
"R156","UNI-ROYAL(Uniroyal Elec)","0402WGF1002TCE","true","Top","75.2","29.05","90.01"
"R157","UNI-ROYAL(Uniroyal Elec)","0402WGF1002TCE","true","Top","74.9","34.4","0.01"
"R158","UNI-ROYAL(Uniroyal Elec)","0402WGF330JTCE","true","Top","73.1","34.4","0.01"
"R159","UNI-ROYAL(Uniroyal Elec)","0402WGF1002TCE","true","Bottom","63.9","35.5","90"
"R160","UNI-ROYAL(Uniroyal Elec)","0402WGF1002TCE","true","Top","75.25","23.325","-90"
"R161","UNI-ROYAL(Uniroyal Elec)","0402WGF1002TCE","true","Top","73.1","29.05","90.01"
"R162","UNI-ROYAL(Uniroyal Elec)","0402WGF1002TCE","true","Top","72.05","29.05","90"
"R163","UNI-ROYAL(Uniroyal Elec)","0402WGF330JTCE","true","Top","48.4","47.15","180"
"R164","UNI-ROYAL(Uniroyal Elec)","0402WGF330JTCE","true","Top","48.4","46","180"
"R165","UNI-ROYAL(Uniroyal Elec)","0402WGF2200TCE","true","Top","21.15","12.95","90"
"R171","UNI-ROYAL(Uniroyal Elec)","0402WGF2200TCE","true","Top","21.1","16.7","90"
"R178","YAGEO","YC164-FR-072KL","true","Top","95.9","20.2","0"
"S1","G-Switch","GT-TC031A-H020-L1N","true","Top","44.05","13.5","-90"
"S2","G-Switch","GT-TC031A-H020-L1N","true","Top","70.975","13.5","-90"
"S3","G-Switch","GT-TC031A-H020-L1N","true","Top","103.25","58","90"
"S4","G-Switch","GT-TC031A-H020-L1N","true","Top","11.75","58","90.01"
"S5","G-Switch","GT-TC031A-H020-L1N","true","Top","103.25","50.5","90"
"S6","G-Switch","GT-TC031A-H020-L1N","true","Top","11.75","50.5","90"
"U1","Espressif Systems","ESP32-C3-MINI-1-H4","true","Top","96.85","30.25","-90"
"U2","Texas Instruments","TMUXHS221NKGR","true","Top","83.8","19.75","-90"
"U3","Texas Instruments","TMUXHS221NKGR","true","Top","70.7","19.063","0"
"U4","Texas Instruments","SN3257QDYYRQ1","true","Top","74.5","47","0"
"U5","Texas Instruments","SN3257QDYYRQ1","true","Top","32.5","47","180"
"U6","Texas Instruments","TPS62A02PDDCR","true","Top","14.1","21.4","0"
"U7","Texas Instruments","SN3257QDYYRQ1","true","Top","82.5","47","0"
"U8","Texas Instruments","SN3257QDYYRQ1","true","Top","40.5","47","180"
"U9","Texas Instruments","TPS3820-50DBVR","true","Top","12.6","36.75","-90"
"U29","Texas Instruments","TPS62A02PDDCR","true","Top","14.1","13.1","0"
"U32","Texas Instruments","TPS62A02PDDCR","true","Top","14.1","29.7","0"
"U38","Lattice","ICE40HX8K-CT256","true","Top","57.5","30","90"
"U39","ST","STM32H725IGK6","true","Top","57.5","50","0"
"U47","WINBOND","W25Q16JVUXIQ","true","Top","72.85","32","-90"
"Y2","HCI","8132H-50.000ML33DTL","true","Top","47.25","50","-90"
