"#","RefDes","Quantity","Name","Value","Pattern","Manufacturer","MP","Package","Part Number (LCSC)","Part Number (Mouser)","Part Number (Digi-Key)","Datasheet","Number of Pins"
"1","C1, C33","2","UMK325B7475MMHT","4.7uF 100V 1210 X7R 20%","CAP_1210_N","Taiyo Yuden","","","","","","","2"
"2","C2, C3, C18, C19, C37, C38, C48, C49","8","CAP_0603_N","220nF 63V 0603 X7R 10%","CAP_0603_N","","","","","","","","2"
"3","C4, C20, C39, C50","4","CAP_0603_N","470nF 63V 0603 X7R 10%","CAP_0603_N","","","","","","","","2"
"4","C5, C7, C9, C21, C22, C24, C40, C41, C43, C51, C52, C54","12","CAP_0603_N","1nF 100V 0603 X7R 10%","CAP_0603_N","","","","","","","","2"
"5","C6, C34","2","CAP_0603_N","100nF 63V 0603 X5R 10%","CAP_0603_N","","","","","","","","2"
"6","C8, C42","2","CAPP_0603_N","TBD 63V 0603 LOW ESR","CAPP_0603_N","","","","","","","","2"
"7","C10, C12, C16, C25, C27, C44, C46, C55, C57","9","VMML1652A221MV","220uF 100V 20%","CAPAE1300X1650L475X115N_AD2","Ymin","","","C487184","","","","2"
"8","C11, C15, C17, C26, C28, C45, C47, C56, C58","9","100PX220MEFC12.5X20","220uF 100V 20%","CAPPRD500W60D1350H2200","Rubycon","","","C88784","","","https://www.lcsc.com/datasheet/C88784.pdf","2"
"9","C13, C14, C35, C36","4","CAP_0805_N","22uF 25V 0805 X5R","CAP_0805_N","","","","","","","","2"
"10","C23, C53","2","CAP_0603_N","100nF 25V 0603 X7R 10%","CAP_0603_N","","","","","","","","2"
"11","C29, C30, C59, C60","4","CAP_0603_N","2.2uF 25V 0603 X7R 10%","CAP_0603_N","","","","","","","","2"
"12","C31, C61","2","CAP_0603_N","470nF 16V 0603 X7R 10%","CAP_0603_N","","","","","","","","2"
"13","C32, C62, C64, C66","4","CAP_0603_N","100nF 63V 0603 X7R 10%","CAP_0603_N","","","","","","","","2"
"14","C63, C65","2","CAP_0603_N","22nF 100V 0603 X7R 10%","CAP_0603_N","","","","","","","","2"
"15","C67, C68, C69, C70, C71, C72, C73, C74, C128, C129","10","CAP_0603_N","100nF 16V 0603 X7R 10%","CAP_0603_N","","","","","","","","2"
"16","D1, D3","2","LED 0603 GREEN","V5P0_B","LED_0603_WURTH","","","","","","","","2"
"17","D2","1","LED 0603 RED","V3P3_CPU","LED_0603_WURTH","","","","","","","","2"
"18","E1","1","MDD_SMA_DO214AC_SMAJ5.0A","5Vrwm 'AE'","DIOM510X266X229L115X145N","MDD(Microdiode Semiconductor)","","","C113952","","","","2"
"19","E2","1","MDD_SMA_DO214AC_SMAJ7.0A","12Vrwm 'AM'","DIOM510X266X229L115X145N","MDD(Microdiode Semiconductor)","","","C113957","","","","2"
"20","E5","1","MDD_SMA_DO214AC_SMAJ48A","48Vrwm 'CX'","DIOM510X266X229L115X145N","MDD(Microdiode Semiconductor)","","","C173502","","","https://www.lcsc.com/datasheet/C89612.pdf","2"
"21","J1","1","B4P-VH(LF)(SN)","M2","JST_B4P-VH(LF)(SN)","","10164227-1004A1RLF","","","","","","4"
"22","J2","1","B5B-PH-SM4-TB(LF)(SN)","ED1","JST_B5B-PH-SM4-TB","JST","","","","","","http://datasheets.diptrace.com/jst/S2B-PH-K-S(LF)(SN)_and_series.pdf","7"
"23","J3","1","B5B-PH-SM4-TB(LF)(SN)","ED2","JST_B5B-PH-SM4-TB","JST","","","","","","http://datasheets.diptrace.com/jst/S2B-PH-K-S(LF)(SN)_and_series.pdf","7"
"24","J5","1","B4P-VH(LF)(SN)","M1","JST_B4P-VH(LF)(SN)","","10164227-1004A1RLF","","","","","","4"
"25","J6","1","B2B-XH-A(LF)(SN)","FAN","SHDRV2W64P250_2X1_740X575H700","JST","","","C158012","","","http://datasheets.diptrace.com/jst/B11B-XH-A(LF)(SN)_and_series.pdf","2"
"26","J7","1","B2P-VH(LF)(SN)","48V","JST_B2P-VH(LF)(SN)","JST","B2P-VH(LF)(SN)","","","","","","2"
"27","J23","1","2-2387405-2-CARD","Port_1","2387405-2-CARD","TE Connectivity","","","","","","https://www.te.com/commerce/DocumentDelivery/DDEController?Action=srchrtrv&DocNm=2387405&DocType=Customer%20Drawing&DocLang=English&DocFormat=pdf&PartCntxt=2-2387405-2","64"
"28","J35","1","B9B-XH-A(LF)(SN)","ED1D","SHDRV9W64P250_9X1_2490X575H700","JST","","","C157966","","","http://datasheets.diptrace.com/jst/B11B-XH-A(LF)(SN)_and_series.pdf","9"
"29","J36","1","B9B-XH-A(LF)(SN)","ED2D","SHDRV9W64P250_9X1_2490X575H700","JST","","","C157966","","","http://datasheets.diptrace.com/jst/B11B-XH-A(LF)(SN)_and_series.pdf","9"
"30","L1, L2","2","FHD4020S-150MT","15uH ~~2.5Asat","SUNLORD_4030S","Cjiang","","","C602033","","","https://www.lcsc.com/datasheet/C602033.pdf","2"
"31","MH1, MH2","2","Round","","ROUND","","","","","","","","9"
"32","Q1, Q3, Q5, Q6, Q8, Q10, Q12, Q15","8","BSC098N10NS5","","IRF_PG-TDSON-8","Infineon","","","C466988","","","https://www.lcsc.com/datasheet/C534398.pdf","5"
"33","Q2, Q4, Q7, Q9, Q11, Q13, Q14, Q16","8","BSC098N10NS5","2A -20V","IRF_PG-TDSON-8","Infineon","","","C466988","","","https://www.lcsc.com/datasheet/C534398.pdf","5"
"34","R1, R2, R3, R4, R10, R11, R12, R13, R35, R36, R37, R38, R42, R43, R44, R45","16","RES_0603_N","22R","RES_0603_N","","","","","","","","2"
"35","R5, R6, R14, R15, R39, R40, R46, R47","8","RES_0603_N","47R","RES_0603_N","","","","","","","","2"
"36","R7","1","RES_0402","118K 0402 1%","RES_0402_202305","","","","","","","","2"
"37","R8, R34","2","RES_0402","22K1 0402 1%","RES_0402_202305","","","","","","","","2"
"38","R9, R16, R41, R48, R57, R58, R59, R60","8","RES_2512_N","0R05 1206 1W","RES_2512_N","","","","","","","","2"
"39","R17, R49","2","RES_0603_N","2R2","RES_0603_N","","","","","","","","2"
"40","R18","1","RES_0603_N","470R","RES_0603_N","","","","","","","","2"
"41","R19","1","RES_0603_N","680R","RES_0603_N","","","","","","","","2"
"42","R20, R27, R28, R29, R30, R31","6","RES_0603_N","100K","RES_0603_N","","","","","","","","2"
"43","R21, R22, R23, R24, R52, R53, R55, R56","8","RES_0603_N","10K","RES_0603_N","","","","","","","","2"
"44","R25, R26, R32, R50, R51","5","RES_0603_N","0R","RES_0603_N","","","","","","","","2"
"45","R33","1","RES_0402","309K 0402 1%","RES_0402_202305","","","","","","","","2"
"46","R54","1","RES_0603_N","2K2","RES_0603_N","","","","","","","","2"
"47","R155, R156","2","YC164-FR-072KL","2K","RESCAXS8P80_320X160X70L30X50N","Yageo","","","","603-YC164-FR-072KL","YC164-FR-072KL-ND","http://datasheets.diptrace.com/rc_networks/PYu-YC_TC164_51_RoHS_L_3.pdf","8"
"48","U1, U3","2","LMR51610YDBVR","1100kHz PFM","SOT23-6P95_280X145L45X37N","Texas Instruments","","","C22427220","","","https://www.ti.com/lit/ds/symlink/lmr51610.pdf","6"
"49","U2, U6","2","TMC5160","","TMC_TQFP48-EP_N","Trinamic","","","","","","https://www.analog.com/media/en/technical-documentation/data-sheets/TMC5160A_datasheet_rev1.18.pdf","49"
"50","U4, U5, U7","3","ISO7762DWR","","SOIC16P127_1030X1030X265L83X41N_AD4","Texas Instruments","","","C2869389","595-ISO7741FDW","296-44621-5-ND","https://www.ti.com/lit/ds/symlink/iso7760.pdf","16"
"51","U42, U43","2","AM26C32IPWR","","SOP16P65_500X640X120L62X24N_AD3","Texas Instruments","","","C478459","","","https://www.ti.com/lit/ds/symlink/am26c32.pdf","16"
"","","182","","","","","","","","","","","700"
