"RefDes","Name","Pattern","Center X (mm)","Center Y (mm)","Side","Rotation","Value","Origin X (mm)","Origin Y (mm)","Part Number (LCSC)","Part Number (Digi-Key)","Part Number (Mouser)","MP","Package"
"C1","UMK325B7475MMHT","CAP_1210_N","30.35","27.45","Top","90.0","4.7uF 50V 1210 X7R 20%","30.35","27.45","","","","",""
"C2","UMK325B7475MMHT","CAP_1210_N","49","32.05","Top","270.0","4.7uF 50V 1210 X7R 20%","49","32.05","","","","",""
"C3","UMK325B7475MMHT","CAP_1210_N","34.75","32.05","Top","270.0","4.7uF 50V 1210 X7R 20%","34.75","32.05","","","","",""
"C4","GRM155R71H223KA12D","CAP_0402_N","57.25","33.05","Top","270.0","22nF 50V 0402 X7R 20%","57.25","33.05","","","","",""
"C5","GRM155R71H223KA12D","CAP_0402_N","36.98","33.05","Top","270.0","22nF 50V 0402 X7R 20%","36.98","33.05","","","","",""
"C6","CAP_0603_N","CAP_0603_N","27.6","22.85","Top","90.0","100nF 63V 0603 X5R 10%","27.6","22.85","","","","",""
"C7","UMK325B7475MMHT","CAP_1210_N","59.5","32.05","Top","270.0","4.7uF 50V 1210 X7R 20%","59.5","32.05","","","","",""
"C8","UMK325B7475MMHT","CAP_1210_N","45.25","32.05","Top","270.0","4.7uF 50V 1210 X7R 20%","45.25","32.05","","","","",""
"C9","GRM155R71H223KA12D","CAP_0402_N","51.25","33.05","Top","270.0","22nF 50V 0402 X7R 20%","51.25","33.05","","","","",""
"C10","GRM155R71H223KA12D","CAP_0402_N","43","33.05","Top","270.0","22nF 50V 0402 X7R 20%","43","33.05","","","","",""
"C11","CAP_0603_N","CAP_0603_N","54.25","39.55","Top","180.0","1uF 16V 0603 X7R","54.25","39.55","","","","",""
"C12","CAP_0603_N","CAP_0603_N","40","39.55","Top","180.0","1uF 16V 0603 X7R","40","39.55","","","","",""
"C13","CAP_0805_N","CAP_0805_N","28.25","17.6","Top","0.0","22uF 25V 0805 X5R","28.25","17.6","","","","",""
"C14","CAP_0805_N","CAP_0805_N","28.25","19.6","Top","0.0","22uF 25V 0805 X5R","28.25","19.6","","","","",""
"C15","CAP_0603_N","CAP_0603_N","59.5","36.55","Top","90.0","100nF 63V 0603 X5R 10%","59.5","36.55","","","","",""
"C16","CAP_0603_N","CAP_0603_N","45.25","36.55","Top","90.0","100nF 63V 0603 X5R 10%","45.25","36.55","","","","",""
"C17","CAP_0603_N","CAP_0603_N","51.25","39.55","Top","0.0","22pF 16V 0603 C0G 5%","51.25","39.55","","","","",""
"C18","CAP_0603_N","CAP_0603_N","37","39.55","Top","360.0","22pF 16V 0603 C0G 5%","37","39.55","","","","",""
"C19","CAP_0603_N","CAP_0603_N","67.05","50.5","Top","90.0","10uF 16V 0603 X5R 20%","67.05","50.5","","","","",""
"C20","CAP_0603_N","CAP_0603_N","65.6","50.5","Top","90.0","100nF 16V 0603 X7R 10%","65.6","50.5","C66501","","","",""
"C21","CAP_1210","CAP_1210_N","59.5","26.55","Top","90.0","47uF 16V 1210 X7R","59.5","26.55","","","","",""
"C22","CAP_1210","CAP_1210_N","34.75","26.55","Top","90.0","47uF 16V 1210 X7R","34.75","26.55","","","","",""
"C23","CAP_1210","CAP_1210_N","49","26.55","Top","90.0","47uF 16V 1210 X7R","49","26.55","","","","",""
"C24","CAP_1210","CAP_1210_N","34.75","21.8","Top","270.0","47uF 16V 1210 X7R","34.75","21.8","","","","",""
"C25","CAP_1210","CAP_1210_N","49","21.8","Top","270.0","47uF 16V 1210 X7R","49","21.8","","","","",""
"C26","CAP_1210","CAP_1210_N","45.25","21.8","Top","270.0","47uF 16V 1210 X7R","45.25","21.8","","","","",""
"C27","CAPP_1206_N","CAPP_1206_N","61.25","57.85","Top","180.0","22uF 16V 1206 TANTALUM 20%","61.25","57.85","","","","",""
"C28","CAP_1210","CAP_1210_N","59.5","21.8","Top","270.0","47uF 16V 1210 X7R","59.5","21.8","","","","",""
"C29","CAP_1210","CAP_1210_N","45.25","26.55","Top","90.0","47uF 16V 1210 X7R","45.25","26.55","","","","",""
"C30","VKME1651J331MV","CAPAE1030X800L320X70N_AD2","26.2","35.5","Top","90.01","330uF 63V 20%","26.2","35.5","C487393","","","",""
"C31","VKME1651J331MV","CAPAE1030X800L320X70N_AD2","26.197","48.35","Top","90.0","330uF 63V 20%","26.197","48.35","C487393","","","",""
"C32","VKME1651J331MV","CAPAE1030X800L320X70N_AD2","26.15","73.35","Top","90.0","330uF 63V 20%","26.15","73.35","C487393","","","",""
"C33","VKME1651J331MV","CAPAE1030X800L320X70N_AD2","97.25","38.5","Top","0.0","330uF 63V 20%","97.25","38.5","C487393","","","",""
"C34","CAP_0402","RES_0402_202305","58.775","45.45","Top","180.0","100nF 6.3V 0402","58.775","45.45","","","","",""
"C35","330uF 50V ±20%","CAPPRD500W60D1050H2200","26.2","35.5","Top","45.0","","26.2","35.5","C2166065","","","",""
"C36","NEV220M63","CAPPRD500W60D1050H2200","26.2","48.35","Top","135.0","","26.2","48.35","","","","",""
"C37","NEV220M63","CAPPRD500W60D1050H2200","26.15","73.35","Top","135.0","","26.15","73.35","","","","",""
"C38","330uF 50V ±20%","CAPPRD500W60D1050H2200","92.45","38.5","Top","90.0","","92.45","38.5","C2166065","","","",""
"C39","330uF 50V ±20%","CAPPRD500W60D1050H2200","103.4","38.5","Top","90.0","","103.4","38.5","C2166065","","","",""
"C40","CAP_1812_N","CAP_1812_N","197.7","23.15","Top","270.0","4.7nF 2kV 1812","197.7","23.15","","","","",""
"C201","UMK325B7475MMHT","CAP_1210_N","37.65","45.6","Top","0.0","4.7uF 50V 1210 X7R 20%","37.65","45.6","","","","",""
"C202","UMK325B7475MMHT","CAP_1210_N","37.65","70.6","Top","0.0","4.7uF 50V 1210 X7R 20%","37.65","70.6","","","","",""
"C203","CAP_0603_N","CAP_0603_N","39.4","49.6","Top","270.0","100nF 63V 0603 X5R 10%","39.4","49.6","","","","",""
"C204","CAP_0603_N","CAP_0603_N","39.4","74.6","Top","270.0","100nF 63V 0603 X5R 10%","39.4","74.6","","","","",""
"C205","CAP_0805_N","CAP_0805_N","44.15","45.6","Top","270.0","22uF 25V 0805 X5R","44.15","45.6","","","","",""
"C206","CAP_0805_N","CAP_0805_N","42.15","70.6","Top","270.0","22uF 25V 0805 X5R","42.15","70.6","","","","",""
"C207","CAP_0805_N","CAP_0805_N","42.15","45.6","Top","270.0","22uF 25V 0805 X5R","42.15","45.6","","","","",""
"C208","CAP_0805_N","CAP_0805_N","44.15","70.6","Top","270.0","22uF 25V 0805 X5R","44.15","70.6","","","","",""
"C209","CAP_0603_N","CAP_0603_N","56.05","51.4","Top","90.0","100nF 16V 0603 X7R 10%","56.05","51.4","C66501","","","",""
"C210","CAP_0603_N","CAP_0603_N","56.05","76.4","Top","90.0","100nF 16V 0603 X7R 10%","56.05","76.4","C66501","","","",""
"C211","CAP_1206_N","CAP_1206_N","55.4","45.85","Top","270.0","10uF 16V 1206 X7R","55.4","45.85","","","","",""
"C212","CAP_1206_N","CAP_1206_N","55.4","71.1","Top","270.0","10uF 16V 1206 X7R","55.4","71.1","","","","",""
"C213","CAP_0603_N","CAP_0603_N","63.15","60.85","Top","270.0","100nF 16V 0603 X7R 10%","63.15","60.85","C66501","","","",""
"C214","CAP_0603_N","CAP_0603_N","63.15","85.8","Top","270.0","100nF 16V 0603 X7R 10%","63.15","85.8","C66501","","","",""
"C215","CAP_0603_N","CAP_0603_N","54.6","58.45","Top","270.0","100nF 16V 0603 X7R 10%","54.6","58.45","C66501","","","",""
"C216","CAP_0603_N","CAP_0603_N","54.55","83.4","Top","270.0","100nF 16V 0603 X7R 10%","54.55","83.4","C66501","","","",""
"C217","CAP_0402","RES_0402_202305","51.95","57.95","Top","270.0","100nF 25V 0402 X5R","51.95","57.95","","","","",""
"C218","CAP_0402","RES_0402_202305","51.95","82.9","Top","270.0","100nF 25V 0402 X5R","51.95","82.9","","","","",""
"C219","CAP_0603_N","CAP_0603_N","53.1","55.2","Top","270.0","1uF 25V 0603 X5R","53.1","55.2","","","","",""
"C220","CAP_0603_N","CAP_0603_N","53.1","80.15","Top","270.0","1uF 25V 0603 X5R","53.1","80.15","","","","",""
"C221","CAP_0603_N","CAP_0603_N","50.15","55.2","Top","270.0","1nF 25V 0603 X5R","50.15","55.2","","","","",""
"C222","CAP_0603_N","CAP_0603_N","50.2","80.15","Top","270.0","1nF 25V 0603 X5R","50.2","80.15","","","","",""
"C223","CAP_0402","RES_0402_202305","51.95","90.15","Top","270.0","100nF 25V 0402 X5R","51.95","90.15","","","","",""
"C224","CAP_0402","RES_0402_202305","51.95","65.2","Top","270.0","100nF 25V 0402 X5R","51.95","65.2","","","","",""
"C225","CAP_0603_N","CAP_0603_N","53.1","87.4","Top","270.0","1uF 25V 0603 X5R","53.1","87.4","","","","",""
"C226","CAP_0603_N","CAP_0603_N","53.1","62.45","Top","270.0","1uF 25V 0603 X5R","53.1","62.45","","","","",""
"C227","CAP_0603_N","CAP_0603_N","50.2","87.4","Top","270.0","1nF 25V 0603 X5R","50.2","87.4","","","","",""
"C228","CAP_0603_N","CAP_0603_N","50.2","62.45","Top","270.0","1nF 25V 0603 X5R","50.2","62.45","","","","",""
"C229","CAP_0603_N","CAP_0603_N","79.3","53.55","Top","90.0","100nF 16V 0603 X7R 10%","79.3","53.55","C66501","","","",""
"C701","CAP_0603_N","CAP_0603_N","191.75","105.7","Top","90.0","10uF 16V 0603 X5R 20%","191.75","105.7","","","","",""
"C702","CAP_0603_N","CAP_0603_N","193.2","105.7","Top","90.0","10uF 16V 0603 X5R 20%","193.2","105.7","","","","",""
"C703","CAP_0603_N","CAP_0603_N","194.65","105.7","Top","90.0","10uF 16V 0603 X5R 20%","194.65","105.7","","","","",""
"C704","CAP_0402","RES_0402_202305","103.8","56.25","Top","0.0","470pF 6.3V 0402","103.8","56.25","","","","",""
"C705","CAP_0402","RES_0402_202305","103.8","57.5","Top","0.0","1uF 6.3V 0402","103.8","57.5","","","","",""
"C706","CAP_0402","RES_0402_202305","97.75","59.3","Top","90.0","100nF 6.3V 0402","97.75","59.3","","","","",""
"C707","CAP_0402","RES_0402_202305","101.9","50.375","Top","90.01","100nF 6.3V 0402","101.9","50.375","","","","",""
"C708","CAP_0402","RES_0402_202305","95.5","50.375","Top","90.01","100nF 6.3V 0402","95.5","50.375","","","","",""
"C709","CAP_0603_N","CAP_0603_N","103.8","48.125","Top","90.0","10uF 16V 0603 X5R 20%","103.8","48.125","","","","",""
"C710","CAP_0402","RES_0402_202305","196.5","86.2","Top","90.0","100nF 10V 0402","196.5","86.2","","","","",""
"C711","CAP_0402","RES_0402_202305","196.5","106.75","Top","90.0","100nF 10V 0402","196.5","106.75","","","","",""
"C712","CAP_0402","RES_0402_202305","95.65","46.875","Top","180.0","100nF 6.3V 0402","95.65","46.875","","","","",""
"C713","CAP_0402","RES_0402_202305","201.9","84.95","Top","270.0","100nF 6.3V 0402","201.9","84.95","","","","",""
"C714","CAP_0402","RES_0402_202305","201.9","105.5","Top","270.0","100nF 6.3V 0402","201.9","105.5","","","","",""
"C715","CAP_0402","RES_0402_202305","201.9","108","Top","270.0","4.7nF 100V 0402 X7R 10%","201.9","108","C415704","","","GRM155R72A472KA01D",""
"C716","CAP_0402","RES_0402_202305","201.9","87.45","Top","270.0","4.7nF 100V 0402 X7R 10%","201.9","87.45","C415704","","","GRM155R72A472KA01D",""
"C717","CAP_0603_N","CAP_0603_N","144.75","27.4","Top","0.0","1uF 25V 0603 X7R 10%","144.75","27.4","C29936","","","",""
"C718","CAP_0603_N","CAP_0603_N","144.75","25.8","Top","0.0","100nF 16V 0603 X7R 10%","144.75","25.8","C66501","","","",""
"C719","CAP_0402","RES_0402_202305","125.5","89.5","Top","0.0","100nF 6.3V 0402","125.5","89.5","","","","",""
"C720","CAP_0402","RES_0402_202305","105.5","90.2","Top","0.0","100nF 6.3V 0402","105.5","90.2","","","","",""
"C801","CAP_0603_N","CAP_0603_N","172.3","93.2","Top","0.01","10nF 6.3V 0603 X5R 20%","172.3","93.2","","","","",""
"C802","CAP_0603_N","CAP_0603_N","175.15","93.2","Top","0.01","10nF 6.3V 0603 X5R 20%","175.15","93.2","","","","",""
"C803","CAP_0603_N","CAP_0603_N","102","102.75","Top","90.0","10nF 6.3V 0603 X5R 20%","102","102.75","","","","",""
"C804","CAP_0603_N","CAP_0603_N","107.75","97.5","Top","0.0","100nF 6.3V 0603 X5R 20%","107.75","97.5","","","","",""
"C805","CAP_0603_N","CAP_0603_N","116.25","98.75","Top","270.0","10nF 6.3V 0603 X5R 20%","116.25","98.75","","","","",""
"C806","CAP_0603_N","CAP_0603_N","102","98.75","Top","270.0","10nF 6.3V 0603 X5R 20%","102","98.75","","","","",""
"C807","CAP_0603_N","CAP_0603_N","178","93.2","Top","0.01","10nF 6.3V 0603 X5R 20%","178","93.2","","","","",""
"C808","CAP_0603_N","CAP_0603_N","116.25","102.75","Top","90.0","10nF 6.3V 0603 X5R 20%","116.25","102.75","","","","",""
"C809","CAP_0603_N","CAP_0603_N","103.5","98.75","Top","270.0","10nF 6.3V 0603 X5R 20%","103.5","98.75","","","","",""
"C810","CAP_0603_N","CAP_0603_N","117.75","98.75","Top","270.0","10nF 6.3V 0603 X5R 20%","117.75","98.75","","","","",""
"C811","CAP_0603_N","CAP_0603_N","180.85","93.2","Top","0.01","10nF 6.3V 0603 X5R 20%","180.85","93.2","","","","",""
"C812","CAP_0603_N","CAP_0603_N","103.5","102.75","Top","90.0","10nF 6.3V 0603 X5R 20%","103.5","102.75","","","","",""
"C813","CAP_0603_N","CAP_0603_N","117.75","102.75","Top","90.0","10nF 6.3V 0603 X5R 20%","117.75","102.75","","","","",""
"C814","CAP_0603_N","CAP_0603_N","180.85","100.3","Top","0.01","10nF 6.3V 0603 X5R 20%","180.85","100.3","","","","",""
"C815","CAP_0603_N","CAP_0603_N","178","100.3","Top","0.01","10nF 6.3V 0603 X5R 20%","178","100.3","","","","",""
"C816","CAP_0603_N","CAP_0603_N","186.5","24.5","Top","90.0","10nF 6.3V 0603 X5R 20%","186.5","24.5","","","","",""
"C817","CAP_0603_N","CAP_0603_N","175.15","100.3","Top","0.01","10nF 6.3V 0603 X5R 20%","175.15","100.3","","","","",""
"C818","CAP_0603_N","CAP_0603_N","181","24.5","Top","90.0","10nF 6.3V 0603 X5R 20%","181","24.5","","","","",""
"C819","CAP_0603_N","CAP_0603_N","172.3","100.3","Top","0.01","10nF 6.3V 0603 X5R 20%","172.3","100.3","","","","",""
"C820","CAP_0603_N","CAP_0603_N","186","18.4","Top","270.0","10nF 6.3V 0603 X5R 20%","186","18.4","","","","",""
"C821","CAP_0603_N","CAP_0603_N","188.8","18.4","Top","270.0","10nF 6.3V 0603 X5R 20%","188.8","18.4","","","","",""
"C901","CAP_0603_N","CAP_0603_N","196","18.15","Top","270.0","100nF 16V 0603 X7R 10%","196","18.15","C66501","","","",""
"C902","CAP_0402","RES_0402_202305","54.45","112.3","Top","90.0","100nF 16V 0402","54.45","112.3","","","","",""
"C903","CAP_0402","RES_0402_202305","104.5","112.3","Top","90.0","100nF 16V 0402","104.5","112.3","","","","",""
"C904","CAP_0402","RES_0402_202305","154.5","112.3","Top","90.0","100nF 16V 0402","154.5","112.3","","","","",""
"C905","CAP_0402","RES_0402_202305","204.5","112.3","Top","90.0","100nF 16V 0402","204.5","112.3","","","","",""
"C906","CAP_0603_N","CAP_0603_N","155.75","78.25","Top","180.0","100nF 16V 0603 X7R 10%","155.75","78.25","C66501","","","",""
"C907","CAP_0603_N","CAP_0603_N","155.75","67.5","Top","180.0","100nF 16V 0603 X7R 10%","155.75","67.5","C66501","","","",""
"C908","CAP_0603_N","CAP_0603_N","164.35","91.75","Top","0.0","100nF 16V 0603 X7R 10%","164.35","91.75","C66501","","","",""
"C909","CAP_0603_N","CAP_0603_N","168.85","91.75","Top","180.0","100nF 16V 0603 X7R 10%","168.85","91.75","C66501","","","",""
"C910","CAP_0603_N","CAP_0603_N","207.2","43","Top","180.0","100nF 16V 0603 X7R 10%","207.2","43","C66501","","","",""
"C911","CAP_0603_N","CAP_0603_N","191.55","43","Top","180.0","100nF 16V 0603 X7R 10%","191.55","43","C66501","","","",""
"C912","CAP_0603_N","CAP_0603_N","175.95","43","Top","180.0","100nF 16V 0603 X7R 10%","175.95","43","C66501","","","",""
"C913","CAP_0603_N","CAP_0603_N","160.35","43","Top","180.0","100nF 16V 0603 X7R 10%","160.35","43","C66501","","","",""
"C914","CAP_0603_N","CAP_0603_N","144.7","43","Top","180.0","100nF 16V 0603 X7R 10%","144.7","43","C66501","","","",""
"C1101","CAP_0402","RES_0402_202305","65.15","78.625","Top","0.0","100nF 16V 0402","65.15","78.625","","","","",""
"C1102","CAP_0603_N","CAP_0603_N","64.3","76.15","Top","270.0","10uF 16V 0603 X5R 20%","64.3","76.15","","","","",""
"C1103","CAP_0402","RES_0402_202305","37.55","103.55","Top","180.0","100nF 6.3V 0402","37.55","103.55","","","","",""
"C1104","CAP_0402","RES_0402_202305","19","103.55","Top","180.0","100nF 6.3V 0402","19","103.55","","","","",""
"C1105","CAP_0402","RES_0402_202305","65.5","71.65","Top","90.0","100nF 16V 0402","65.5","71.65","","","","",""
"C1106","CAP_0402","RES_0402_202305","65.1","79.9","Top","180.0","100nF 10V 0402","65.1","79.9","","","","",""
"C1107","CAP_0402","RES_0402_202305","74.6","79.2","Top","270.0","100nF 6.3V 0402","74.6","79.2","","","","",""
"C1108","CAP_0603_N","CAP_0603_N","75.8","79.2","Top","270.0","10uF 16V 0603 X5R 20%","75.8","79.2","","","","",""
"D1","LED 0603 GREEN","LED_0603_WURTH","44.5","41.05","Top","180.0","V5P0_B","44.5","41.05","","","","",""
"D2","LED 0603 RED","LED_0603_WURTH","67","52.95","Top","180.0","V3P3_CPU","67","52.95","","","","",""
"D3","LED 0603 GREEN","LED_0603_WURTH","55.9","58.45","Top","90.0","V5P0_ISOLATED_1","55.9","58.45","","","","",""
"D4","LED 0603 GREEN","LED_0603_WURTH","58.75","41.05","Top","180.0","V5P0_A","58.75","41.05","","","","",""
"D5","LED 0603 GREEN","LED_0603_WURTH","55.9","83.4","Top","90.0","V5P0_ISOLATED_2","55.9","83.4","","","","",""
"D6","LED 0603 WHITE","LED_0603_WURTH","20.9","22.85","Top","270.0","V7P0","20.9","22.85","","","","",""
"D201","SS14","DIOM529X267X242L114X150N","101","20.8","Top","0.0","","101","20.8","C2480","","","",""
"D202","SS14","DIOM529X267X242L114X150N","93.5","20.8","Top","180.0","","93.5","20.8","C2480","","","",""
"D203","SS14","DIOM529X267X242L114X150N","85.4","22.55","Top","90.0","","85.4","22.55","C2480","","","",""
"D204","SS14","DIOM529X267X242L114X150N","81.4","22.55","Top","90.01","","81.4","22.55","C2480","","","",""
"D205","SS14","DIOM529X267X242L114X150N","77.4","22.55","Top","90.0","","77.4","22.55","C2480","","","",""
"D206","SS14","DIOM529X267X242L114X150N","73.4","22.55","Top","90.01","","73.4","22.55","C2480","","","",""
"D207","SS14","DIOM529X267X242L114X150N","69.4","22.55","Top","90.0","","69.4","22.55","C2480","","","",""
"D208","SS310","DIOM529X267X242L114X150N","34.15","82.1","Top","270.0","","34.15","82.1","C3014013","","","",""
"D209","SS310","DIOM529X267X242L114X150N","34.197","57.1","Top","270.0","","34.197","57.1","C3014013","","","",""
"D210","SS14","DIOM529X267X242L114X150N","65.4","22.55","Top","90.01","","65.4","22.55","C2480","","","",""
"D211","SS310","DIOM529X267X242L114X150N","34.15","89.35","Top","90.0","","34.15","89.35","C3014013","","","",""
"D212","SS310","DIOM529X267X242L114X150N","34.197","64.35","Top","90.0","","34.197","64.35","C3014013","","","",""
"D701","LED 0603 RED","LED_0603_WURTH","198.575","103.675","Top","180.0","V5P0_B","198.575","103.675","","","","",""
"D901","SS14","DIOM529X267X242L114X150N","195.75","69","Top","0.0","","195.75","69","C2480","","","",""
"D902","SS14","DIOM529X267X242L114X150N","203.25","69","Top","180.0","","203.25","69","C2480","","","",""
"E1","MDD_SMA_DO214AC_SMAJ7.0A","DIOM510X266X229L115X145N","22.2","18.35","Top","180.0","7Vrwm 'AM'","22.2","18.35","C173509","","","",""
"E2","MDD_SMA_DO214AC_SMAJ5.0A","DIOM510X266X229L115X145N","54.25","20.55","Top","180.01","5Vrwm 'AE'","54.25","20.55","C113952","","","",""
"E3","MDD_SMA_DO214AC_SMAJ5.0A","DIOM510X266X229L115X145N","40","20.55","Top","180.0","5Vrwm 'AE'","40","20.55","C113952","","","",""
"E4","MDD_SMA_DO214AC_SMAJ24A","DIOM510X266X229L115X145N","24.05","27.4","Top","180.0","24Vrwm 'BZ'","24.05","27.4","C113962","","","",""
"E5","MDD_SMA_DO214AC_SMAJ48A","DIOM510X266X229L115X145N","33.4","48.1","Top","90.0","48Vrwm 'CX'","33.4","48.1","C173502","","","",""
"E6","MDD_SMA_DO214AC_SMAJ48A","DIOM510X266X229L115X145N","33.4","73.1","Top","90.0","48Vrwm 'CX'","33.4","73.1","C173502","","","",""
"E7","SMCJ6.0A-E3/57T","DIOM794X590X262L114X305N","204.9","21.8","Top","180.0","SMCJ6.0","204.9","21.8","C1976142","","","",""
"E201","MDD_SMA_DO214AC_SMAJ12A","DIOM510X266X229L115X145N","46.9","48.85","Top","90.0","12Vrwm 'BE'","46.9","48.85","C113957","","","",""
"E202","MDD_SMA_DO214AC_SMAJ12A","DIOM510X266X229L115X145N","46.9","73.85","Top","90.0","12Vrwm 'BE'","46.9","73.85","C113957","","","",""
"E203","MDD_SMA_DO214AC_SMAJ5.0A","DIOM510X266X229L115X145N","51.85","50.6","Top","180.0","5Vrwm 'AE'","51.85","50.6","C113952","","","",""
"E204","MDD_SMA_DO214AC_SMAJ5.0A","DIOM510X266X229L115X145N","51.85","75.6","Top","180.0","5Vrwm 'AE'","51.85","75.6","C113952","","","",""
"E801","PESD5V0S2BT,215","SOT23-3P95_230X110L30X43N","164.5","88.5","Top","180.0","","164.5","88.5","C49338","1727-3840-6-ND","","",""
"E802","PESD5V0S2BT,215","SOT23-3P95_230X110L30X43N","172","88.5","Top","180.0","","172","88.5","C49338","1727-3840-6-ND","","",""
"E803","PESD5V0S2BT,215","SOT23-3P95_230X110L30X43N","183.25","88.5","Top","180.0","","183.25","88.5","C49338","1727-3840-6-ND","","",""
"E804","PESD5V0S2BT,215","SOT23-3P95_230X110L30X43N","190.75","88.5","Top","180.0","","190.75","88.5","C49338","1727-3840-6-ND","","",""
"F201","","VARRB500W60L900T350H1100","102.75","27.3","Top","90.0","XF110","102.75","27.3","C3760464","","","",""
"F202","","VARRB500W60L900T350H1100","91.75","27.3","Top","90.0","XF110","91.75","27.3","C3760464","","","",""
"F203","","VARRB500W60L900T350H1100","85.9","31.05","Top","90.01","XF110","85.9","31.05","C3760464","","","",""
"F204","","VARRB500W60L900T350H1100","81.9","31.05","Top","90.01","XF110","81.9","31.05","C3760464","","","",""
"F205","","VARRB500W60L900T350H1100","77.9","31.05","Top","90.01","XF110","77.9","31.05","C3760464","","","",""
"F206","","VARRB500W60L900T350H1100","73.9","31.05","Top","90.01","XF110","73.9","31.05","C3760464","","","",""
"F207","","VARRB500W60L900T350H1100","69.9","31.05","Top","90.01","XF110","69.9","31.05","C3760464","","","",""
"F208","10D101K","VARRB750W80L1200T420H1450","26.297","57.1","Top","0.0","< 100V Clamp, >60V DC Working,  >60V Max DC","26.297","57.1","C136820","","","",""
"F209","10D101K","VARRB750W80L1200T420H1450","26.25","82.1","Top","0.0","< 100V Clamp, >60V DC Working,  >60V Max DC","26.25","82.1","C136820","","","",""
"F210","","VARRB500W60L900T350H1100","65.9","31.05","Top","90.01","XF110","65.9","31.05","C3760464","","","",""
"F211","10D101K","VARRB750W80L1200T420H1450","26.25","89.35","Top","0.0","< 100V Clamp, >60V DC Working,  >60V Max DC","26.25","89.35","C136820","","","",""
"F212","10D101K","VARRB750W80L1200T420H1450","26.297","64.35","Top","0.0","< 100V Clamp, >60V DC Working,  >60V Max DC","26.297","64.35","C136820","","","",""
"J101","10164227-1004A1RLF","AMPHENOL_10164227-1004A1RLF","70","97.5","Top","90.0","","70","97.5","","","","",""
"J102","10164227-1004A1RLF","AMPHENOL_10164227-1004A1RLF","150","97.5","Top","90.0","","150","97.5","","","","",""
"J103","10164227-1004A1RLF","AMPHENOL_10164227-1004A1RLF","85","63.5","Top","180.0","","85","63.5","","","","",""
"J104","10164227-1004A1RLF","AMPHENOL_10164227-1004A1RLF","135","63.5","Top","180.0","","135","63.5","","","","",""
"J401","B3B-XH-A(LF)(SN)","SHDRV3W64P250_3X1_990X575H700","26.4","12.875","Top","180.0","RGB_LED","23.9","13.4","C144394","","","",""
"J402","B4B-XH-A(LF)(SN)","SHDRV4W64P250_4X1_1240X575H700","12.875","106.15","Top","90.0","LC1","13.4","109.9","C144395","","","",""
"J403","B6P-VH(LF)(SN)","JST_B6P-VH(LF)(SN)","14.4","79.6","Top","270.0","","14.95","79.6","","","","10164227-1004A1RLF",""
"J404","B6P-VH(LF)(SN)","JST_B6P-VH(LF)(SN)","14.447","54.6","Top","270.0","","14.997","54.6","","","","10164227-1004A1RLF",""
"J405","B4P-VH(LF)(SN)","JST_B4P-VH(LF)(SN)","14.45","33.25","Top","270.01","","15","33.25","","","","10164227-1004A1RLF",""
"J406","2-2387405-2","2387405-2","35","121.85","Top","180.0","Port_1","40","116.8","","","","",""
"J407","B2P-VH(LF)(SN)","JST_B2P-VH(LF)(SN)","40","14.25","Top","0.0","RPi/5V","40","14.5","","","","B2P-VH(LF)(SN)",""
"J408","B4P-VH(LF)(SN)","JST_B4P-VH(LF)(SN)","54.5","14.25","Top","0.0","","54.5","14.8","","","","10164227-1004A1RLF",""
"J409","B6P-VH(LF)(SN)","JST_B6P-VH(LF)(SN)","75.95","14.25","Top","0.01","","75.95","14.8","","","","10164227-1004A1RLF",""
"J410","2-2387405-2","2387405-2","85","121.85","Top","180.0","Port_1","90","116.8","","","","",""
"J411","B4P-VH(LF)(SN)","JST_B4P-VH(LF)(SN)","97.25","14.25","Top","0.0","","97.25","14.8","","","","10164227-1004A1RLF",""
"J412","PPTC041LFBN-RC","RHDRV4W80P254_4X1_1066X250H875_AP1","117.64","39.95","Top","180.0","SWD","121.45","39.95","","S7002-ND","","",""
"J413","RJMG1331171C1ER","RJMG1331171C1ER","117.45","23.35","Top","0.0","","117.45","30.95","","","","",""
"J414","FTSH-105-01-X-DV-P-K-X","SAMTEC_FTSH-105-01-X-DV-P-K-X","121.85","55.05","Top","0.0","I2C","121.85","55.05","","","","FTSH-105-01-F-DV-K",""
"J415","2-2387405-2","2387405-2","135","121.85","Top","180.0","Port_1","140","116.8","","","","",""
"J416","B6B-XH-A(LF)(SN)","SHDRV6W64P250_6X1_1740X575H700","136.65","12.875","Top","180.0","RS422","130.4","13.4","C144397","","","",""
"J417","B4B-XH-A(LF)(SN)","SHDRV4W64P250_4X1_1240X575H700","121.85","46.425","Top","0.0","BUTTONS","125.6","45.9","C144395","","","",""
"J418","OSTVE043050","SHDRV4W110P381_4X1_1524X770H1130","154.365","14","Top","0.0","","148.65","13.45","","","","",""
"J419","OSTVE043050","SHDRV4W110P381_4X1_1524X770H1130","170.615","14","Top","0.0","","164.9","13.45","","","","",""
"J420","B6B-XH-A(LF)(SN)","SHDRV6W64P250_6X1_1740X575H700","199.75","30.025","Top","0.01","DDIF","206","29.5","C144397","","","",""
"J421","B4B-XH-A(LF)(SN)","SHDRV4W64P250_4X1_1240X575H700","186.25","12.875","Top","180.0","AIN2","182.5","13.4","C144395","","","",""
"J422","B2B-XH-A(LF)(SN)","SHDRV2W64P250_2X1_740X575H700","183.75","30.025","Top","0.0","AIN1","185","29.5","C158012","","","",""
"J423","2-2387405-2","2387405-2","185","121.85","Top","180.0","Port_1","190","116.8","","","","",""
"J424","B2B-XH-A(LF)(SN)","SHDRV2W64P250_2X1_740X575H700","197.5","12.875","Top","180.0","ES","196.25","13.4","C158012","","","",""
"J425","B9B-XH-A(LF)(SN)","SHDRV9W64P250_9X1_2490X575H700","143.5","55.024","Top","0.0","EDX","153.5","54.5","C157966","","","",""
"J426","B9B-XH-A(LF)(SN)","SHDRV9W64P250_9X1_2490X575H700","143.5","39.024","Top","0.0","EDA","153.5","38.5","C157966","","","",""
"J427","B9B-XH-A(LF)(SN)","SHDRV9W64P250_9X1_2490X575H700","169.75","55.024","Top","0.0","EDY","179.75","54.5","C157966","","","",""
"J428","B9B-XH-A(LF)(SN)","SHDRV9W64P250_9X1_2490X575H700","169.75","39.025","Top","0.0","EDB","179.75","38.5","C157966","","","",""
"J429","5499922-1","TE_5499922-1","175.58","74.035","Top","0.0","BCD","170.5","72.5","C305993","","","",""
"J430","5499922-1","TE_5499922-1","175.58","64.035","Top","0.0","XYZ","170.5","62.5","C305993","","","",""
"J431","B6B-XH-A(LF)(SN)","SHDRV6W64P250_6X1_1740X575H700","168.25","83.475","Top","180.0","EXT_2","162","84","C144397","","","",""
"J432","B3B-XH-A(LF)(SN)","SHDRV3W64P250_3X1_990X575H700","206.775","105.5","Top","270.0","CAN2","206.25","103","C144394","","","",""
"J433","PPTC041LFBN-RC","RHDRV4W80P254_4X1_1066X250H875_AP1","200.575","95.885","Top","90.0","SWD","200.575","92.075","","S7002-ND","","",""
"J434","B3B-XH-A(LF)(SN)","SHDRV3W64P250_3X1_990X575H700","206.775","86.2","Top","270.0","CAN1","206.25","83.7","C144394","","","",""
"J435","B9B-XH-A(LF)(SN)","SHDRV9W64P250_9X1_2490X575H700","196","55.024","Top","0.0","EDZ","206","54.5","C157966","","","",""
"J436","B9B-XH-A(LF)(SN)","SHDRV9W64P250_9X1_2490X575H700","196","39.024","Top","0.0","EDC","206","38.5","C157966","","","",""
"J437","B5B-XH-A(LF)(SN)","SHDRV5W64P250_5X1_1490X575H700","200.25","73.975","Top","180.0","BCD_E","195.25","74.5","C157991","","","",""
"J438","B5B-XH-A(LF)(SN)","SHDRV5W64P250_5X1_1490X575H700","200.25","63.975","Top","180.0","XYZ_F","195.25","64.5","C157991","","","",""
"J439","B6B-XH-A(LF)(SN)","SHDRV6W64P250_6X1_1740X575H700","187","83.475","Top","180.0","EXT_2","180.75","84","C144397","","","",""
"L1","SMNR4020-22UH","SUNLORD_4030S","24.05","22.85","Top","270.0","22uH ~1A","24.05","22.85","C135264","","","",""
"L2","","INDM686X647X300L127X318N","54.25","26.55","Top","270.0","4.7uH","54.25","26.55","C49073771","","","",""
"L3","","INDM686X647X300L127X318N","40","26.55","Top","270.0","4.7uH","40","26.55","C49073771","","-","",""
"L201","SMNR4020-22UH","SUNLORD_4030S","42.9","49.6","Top","0.0","22uH ~1A","42.9","49.6","C135264","","","",""
"L202","SMNR4020-22UH","SUNLORD_4030S","42.9","74.6","Top","0.0","22uH ~1A","42.9","74.6","C135264","","","",""
"L701","IND_0603_N","IND_0603_TDK","103.8","45.625","Top","270.01","600R@100MHz +/-25%, 350mA, 500mohm DC","103.8","45.625","C141723","","","",""
"LS901","HCM1205","CEP-2242","87.5","52","Top","135.0","","87.5","52","","","","",""
"MH1","Round","ROUND","14.1","14.1","Top","90.0","","14.1","14.1","","","","",""
"MH2","Round","ROUND","14.1","95.9","Top","90.0","","14.1","95.9","","","","",""
"MH3","Round","ROUND","205.9","95.9","Top","90.0","","205.9","95.9","","","","",""
"MH4","Round","ROUND","110","55","Top","90.0","","110","55","","","","",""
"MH1_PE","Round","ROUND","205.9","14.1","Top","90.0","","205.9","14.1","","","","",""
"Q201","IRF7341PbF","SOIC8P127_490X600X175L83X42N_AD1","97.25","26.3","Top","180.0","","97.25","26.3","","IRF7341PBF-ND","942-IRF7341PBF","",""
"Q202","IRF7341PbF","SOIC8P127_490X600X175L83X42N_AD1","83.9","39.55","Top","180.01","","83.9","39.55","","IRF7341PBF-ND","942-IRF7341PBF","",""
"Q203","IRF7341PbF","SOIC8P127_490X600X175L83X42N_AD1","75.9","39.55","Top","180.01","","75.9","39.55","","IRF7341PBF-ND","942-IRF7341PBF","",""
"Q204","IRF7341PbF","SOIC8P127_490X600X175L83X42N_AD1","67.9","39.55","Top","180.01","","67.9","39.55","","IRF7341PBF-ND","942-IRF7341PBF","",""
"Q205","TK110P10PL","DPAK3P228_991X238L51X76T645X546N_AP1","41.65","57.1","Top","90.0","","41.65","57.1","C695267","","","",""
"Q206","TK110P10PL","DPAK3P228_991X238L51X76T645X546N_AP1","41.65","82.1","Top","90.0","","41.65","82.1","C695267","","","",""
"Q207","TK110P10PL","DPAK3P228_991X238L51X76T645X546N_AP1","41.65","89.35","Top","90.0","","41.65","89.35","C695267","","","",""
"Q208","TK110P10PL","DPAK3P228_991X238L51X76T645X546N_AP1","41.65","64.35","Top","90.0","","41.65","64.35","C695267","","","",""
"Q701","SI1902CDL-T1-GE3","SOT23-6P65_210X110L20X22M","110.5","45.3","Top","0.0","2A -20V","110.5","45.3","C466988","","","",""
"Q901","BSS138LT1G","SOT23-3P95_240X110L43X44N","86.1","69.8","Top","180.0","","86.1","69.8","C82045","BSS138LT1GOSDKR-ND","863-BSS138LT1G","",""
"Q902","SI1902CDL-T1-GE3","SOT23-6P65_210X110L20X22M","153.25","69.75","Top","270.0","2A -20V","153.25","69.75","C466988","","","",""
"R1","RES_0603_N","RES_0603_N","49.25","35.05","Top","0.0","0R","49.25","35.05","","","","",""
"R2","RES_0603_N","RES_0603_N","35","35.05","Top","0.0","0R","35","35.05","","","","",""
"R3","RES_0603_N","RES_0603_N","49.25","36.55","Top","180.0","33K2","49.25","36.55","","","","",""
"R4","RES_0603_N","RES_0603_N","35","36.55","Top","180.0","33K2","35","36.55","","","","",""
"R5","RES_0402","RES_0402_202305","30.75","18.3","Top","270.0","174K 0402 1%","30.75","18.3","","","","",""
"R6","RES_0402","RES_0402_202305","31.75","18.3","Top","270.0","22K1 0402 1%","31.75","18.3","","","","",""
"R7","RES_0603_N","RES_0603_N","58","36.55","Top","90.0","0R","58","36.55","","","","",""
"R8","RES_0603_N","RES_0603_N","43.75","36.55","Top","90.0","0R","43.75","36.55","","","","",""
"R9","RES_0603_N","RES_0603_N","51.25","41.05","Top","180.0","100K","51.25","41.05","","","","",""
"R10","RES_0603_N","RES_0603_N","54.25","41.05","Top","0.0","24K9","54.25","41.05","","","","",""
"R11","RES_0603_N","RES_0603_N","37","41.05","Top","180.0","100K","37","41.05","","","","",""
"R12","RES_0603_N","RES_0603_N","40","41.05","Top","0.0","24K9","40","41.05","","","","",""
"R13","RES_0603_N","RES_0603_N","49","40.3","Top","90.0","1K","49","40.3","","","","",""
"R14","RES_0603_N","RES_0603_N","34.75","40.3","Top","90.0","1K","34.75","40.3","","","","",""
"R15","RES_0603_N","RES_0603_N","67","60.35","Top","0.0","1K","67","60.35","","","","",""
"R16","RES_0603_N","RES_0603_N","44.5","39.55","Top","180.0","330R","44.5","39.55","","","","",""
"R17","RES_0603_N","RES_0603_N","67","54.35","Top","180.0","330R","67","54.35","","","","",""
"R18","RES_0603_N","RES_0603_N","54.6","55.2","Top","270.0","330R","54.6","55.2","","","","",""
"R19","RES_0603_N","RES_0603_N","58.75","39.55","Top","180.0","330R","58.75","39.55","","","","",""
"R20","RES_0603_N","RES_0603_N","54.55","80.15","Top","270.0","330R","54.55","80.15","","","","",""
"R21","RES_0603_N","RES_0603_N","19.45","22.85","Top","270.0","510R","19.45","22.85","","","","",""
"R22","RES_0603_N","RES_0603_N","49.25","38.05","Top","180.0","100K","49.25","38.05","","","","",""
"R23","RES_0603_N","RES_0603_N","35","38.05","Top","180.0","100K","35","38.05","","","","",""
"R24","RES_0402","RES_0402_202305","58.775","43.45","Top","360.0","100K 0402 1%","58.775","43.45","","","","",""
"R25","RES_0402","RES_0402_202305","58.775","44.45","Top","180.0","100K 0402 1%","58.775","44.45","","","","",""
"R26","RES_1812_M","RESC450X320X65L50N","193.3","23.15","Top","270.0","33K","193.3","23.15","","","","",""
"R101","RES_0603_N","RES_0603_N","70","109.8","Top","0.0","0R","70","109.8","","","","",""
"R102","RES_0603_N","RES_0603_N","150","109.9","Top","0.0","0R","150","109.9","","","","",""
"R201","RES_0603_N","RES_0603_N","99.5","31.55","Top","270.0","10K","99.5","31.55","","","","",""
"R202","RES_0603_N","RES_0603_N","98","31.55","Top","90.0","330R","98","31.55","","","","",""
"R203","RES_0603_N","RES_0603_N","96.5","31.55","Top","270.0","10K","96.5","31.55","","","","",""
"R204","RES_0603_N","RES_0603_N","95","31.55","Top","90.0","330R","95","31.55","","","","",""
"R205","RES_0402","RES_0402_202305","39.9","52.1","Top","270.0","309K 0402 1%","39.9","52.1","","","","",""
"R206","RES_0402","RES_0402_202305","38.9","52.1","Top","270.0","22K1 0402 1%","38.9","52.1","","","","",""
"R207","RES_0402","RES_0402_202305","39.9","77.1","Top","270.0","309K 0402 1%","39.9","77.1","","","","",""
"R208","RES_0402","RES_0402_202305","38.9","77.1","Top","270.0","22K1 0402 1%","38.9","77.1","","","","",""
"R209","RES_0603_N","RES_0603_N","79.785","47.295","Top","270.0","10K","79.785","47.295","","","","",""
"R210","RES_0603_N","RES_0603_N","85.4","44.05","Top","0.01","330R","85.4","44.05","","","","",""
"R211","RES_0603_N","RES_0603_N","78.285","47.295","Top","270.0","10K","78.285","47.295","","","","",""
"R212","RES_0603_N","RES_0603_N","82.4","44.05","Top","0.01","330R","82.4","44.05","","","","",""
"R213","RES_0603_N","RES_0603_N","76.385","47.295","Top","270.0","10K","76.385","47.295","","","","",""
"R214","RES_0603_N","RES_0603_N","77.4","44.05","Top","0.01","330R","77.4","44.05","","","","",""
"R215","RES_0603_N","RES_0603_N","74.885","47.295","Top","270.0","10K","74.885","47.295","","","","",""
"R216","RES_0603_N","RES_0603_N","74.4","44.05","Top","0.01","330R","74.4","44.05","","","","",""
"R217","RES_0603_N","RES_0603_N","53.1","58.45","Top","270.0","10K","53.1","58.45","","","","",""
"R218","RES_0603_N","RES_0603_N","53.1","83.4","Top","270.0","10K","53.1","83.4","","","","",""
"R219","RES_0603_N","RES_0603_N","72.985","47.295","Top","270.0","10K","72.985","47.295","","","","",""
"R220","RES_0603_N","RES_0603_N","69.4","44.05","Top","0.01","330R","69.4","44.05","","","","",""
"R221","RES_0603_N","RES_0603_N","51.65","55.2","Top","270.0","10K","51.65","55.2","","","","",""
"R222","RES_0603_N","RES_0603_N","51.65","80.15","Top","270.0","10K","51.65","80.15","","","","",""
"R223","RES_0603_N","RES_0603_N","48.75","55.2","Top","90.0","10R","48.75","55.2","","","","",""
"R224","RES_0603_N","RES_0603_N","48.75","80.15","Top","90.0","10R","48.75","80.15","","","","",""
"R225","RES_0603_N","RES_0603_N","71.485","47.295","Top","270.0","10K","71.485","47.295","","","","",""
"R226","RES_0603_N","RES_0603_N","66.4","44.05","Top","0.01","330R","66.4","44.05","","","","",""
"R227","RES_0603_N","RES_0603_N","53.1","65.7","Top","270.0","10K","53.1","65.7","","","","",""
"R228","RES_0603_N","RES_0603_N","53.1","90.65","Top","270.0","10K","53.1","90.65","","","","",""
"R229","RES_0603_N","RES_0603_N","51.65","87.4","Top","270.0","10K","51.65","87.4","","","","",""
"R230","RES_0603_N","RES_0603_N","51.65","62.45","Top","270.0","10K","51.65","62.45","","","","",""
"R231","RES_0603_N","RES_0603_N","48.75","87.4","Top","90.0","10R","48.75","87.4","","","","",""
"R232","RES_0603_N","RES_0603_N","48.75","62.45","Top","90.0","10R","48.75","62.45","","","","",""
"R701","RES_0603_N","RES_0603_N","198.575","102.4","Top","180.0","1K","198.575","102.4","","","","",""
"R702","RES_0402","RES_0402_202305","94","59.3","Top","90.0","1K5 0402 1%","94","59.3","","","","",""
"R703","RES_0402","RES_0402_202305","98.7","59.3","Top","90.0","33R 0402 1%","98.7","59.3","","","","",""
"R704","RES_0402","RES_0402_202305","95.9","59.3","Top","90.0","33R 0402 1%","95.9","59.3","","","","",""
"R705","RES_0402","RES_0402_202305","96.8","59.3","Top","270.0","10K 0402 1%","96.8","59.3","","","","",""
"R706","RES_0402","RES_0402_202305","94.95","59.3","Top","90.0","10K 0402 1%","94.95","59.3","","","","",""
"R707","RES_0402","RES_0402_202305","100.6","59.3","Top","90.0","10K 0402 1%","100.6","59.3","","","","",""
"R708","RES_0402","RES_0402_202305","99.65","59.3","Top","90.0","10K 0402 1%","99.65","59.3","","","","",""
"R709","RES_0402","RES_0402_202305","101.55","59.3","Top","90.0","33R 0402 1%","101.55","59.3","","","","",""
"R710","RES_0402","RES_0402_202305","95.25","55.75","Top","180.0","33R 0402 1%","95.25","55.75","","","","",""
"R711","RES_0402","RES_0402_202305","95.25","56.7","Top","180.0","10K 0402 1%","95.25","56.7","","","","",""
"R712","RES_0402","RES_0402_202305","198.45","97.85","Top","90.0","10K 0402 1%","198.45","97.85","","","","",""
"R713","RES_0402","RES_0402_202305","103.8","50","Top","180.0","12K1 0402 1%","103.8","50","","","","",""
"R714","RES_0402","RES_0402_202305","191.25","92.4","Top","90.0","2K7 0402 1%","191.25","92.4","","","","",""
"R715","RES_0402","RES_0402_202305","101.75","45.875","Top","0.0","49.9R 0402 1%","101.75","45.875","","","","",""
"R716","RES_0402","RES_0402_202305","95.65","45.875","Top","180.0","49.9R 0402 1%","95.65","45.875","","","","",""
"R717","RES_0402","RES_0402_202305","101.75","47.875","Top","0.0","49.9R 0402 1%","101.75","47.875","","","","",""
"R718","RES_0402","RES_0402_202305","95.65","47.875","Top","180.0","49.9R 0402 1%","95.65","47.875","","","","",""
"R719","RES_0402","RES_0402_202305","124.15","39.95","Top","270.0","330R 0402 1%","124.15","39.95","","","","",""
"R720","RES_0402","RES_0402_202305","111.13","39.95","Top","270.0","330R 0402 1%","111.13","39.95","","","","",""
"R721","RES_0402","RES_0402_202305","103.8","51.25","Top","180.0","10K 0402 1%","103.8","51.25","","","","",""
"R722","RES_0402","RES_0402_202305","202.9","105.5","Top","90.0","60R4 0402 1% 50V","202.9","105.5","","","","",""
"R723","RES_0402","RES_0402_202305","202.9","84.95","Top","90.0","60R4 0402 1% 50V","202.9","84.95","","","","",""
"R724","RES_0402","RES_0402_202305","110.5","48.2","Top","180.0","10K 0402 1%","110.5","48.2","","","","",""
"R725","RES_0402","RES_0402_202305","110.47","42.4","Top","180.0","10K 0402 1%","110.47","42.4","","","","",""
"R726","RES_0402","RES_0402_202305","202.9","108","Top","90.0","60R4 0402 1% 50V","202.9","108","","","","",""
"R727","RES_0402","RES_0402_202305","202.9","87.45","Top","90.0","60R4 0402 1% 50V","202.9","87.45","","","","",""
"R728","RES_0402","RES_0402_202305","112.78","46.3","Top","90.0","330R 0402 1%","112.78","46.3","","","","",""
"R729","RES_0402","RES_0402_202305","112.78","44.25","Top","270.0","330R 0402 1%","112.78","44.25","","","","",""
"R730","RES_0402","RES_0402_202305","125.5","87.5","Top","0.0","4K7 0402 1%","125.5","87.5","","","","",""
"R731","RES_0402","RES_0402_202305","125.5","88.5","Top","0.0","4K7 0402 1%","125.5","88.5","","","","",""
"R732","RES_0402","RES_0402_202305","105.5","87.45","Top","0.0","4K7 0402 1%","105.5","87.45","","","","",""
"R733","RES_0402","RES_0402_202305","105.5","88.45","Top","0.0","4K7 0402 1%","105.5","88.45","","","","",""
"R734","YC164-FR-072KL","RESCAXS8P80_320X160X70L30X50N","120","92.7","Top","180.0","2K","120","92.7","","YC164-FR-072KL-ND","603-YC164-FR-072KL","",""
"R735","YC164-FR-072KL","RESCAXS8P80_320X160X70L30X50N","100","92.7","Top","180.0","2K","100","92.7","","YC164-FR-072KL-ND","603-YC164-FR-072KL","",""
"R736","RES_0402","RES_0402_202305","117.2","92.7","Top","270.0","10K 0402 1%","117.2","92.7","","","","",""
"R737","RES_0402","RES_0402_202305","97.15","92.7","Top","270.0","10K 0402 1%","97.15","92.7","","","","",""
"R738","RES_1206_N","RES_1206_N","134.2","20.9","Top","180.0","120R","134.2","20.9","","","","",""
"R739","RES_0603_N","RES_0603_N","132.9","18.25","Top","90.0","10R","132.9","18.25","","","","",""
"R740","RES_0603_N","RES_0603_N","140.4","18.25","Top","90.0","10R","140.4","18.25","","","","",""
"R741","RES_0603_N","RES_0603_N","135.4","18.25","Top","90.0","10R","135.4","18.25","","","","",""
"R742","RES_0603_N","RES_0603_N","137.9","18.25","Top","90.0","10R","137.9","18.25","","","","",""
"R743","YC164-FR-072KL","RESCAXS8P80_320X160X70L30X50N","113","88","Top","270.0","2K","113","88","","YC164-FR-072KL-ND","603-YC164-FR-072KL","",""
"R744","YC164-FR-072KL","RESCAXS8P80_320X160X70L30X50N","93","88","Top","270.0","2K","93","88","","YC164-FR-072KL-ND","603-YC164-FR-072KL","",""
"R745","YC164-FR-072KL","RESCAXS8P80_320X160X70L30X50N","113","83.5","Top","270.0","2K","113","83.5","","YC164-FR-072KL-ND","603-YC164-FR-072KL","",""
"R746","YC164-FR-072KL","RESCAXS8P80_320X160X70L30X50N","93","83.5","Top","270.0","2K","93","83.5","","YC164-FR-072KL-ND","603-YC164-FR-072KL","",""
"R801","RES_0603_N","RES_0603_N","112.2","97.475","Top","180.0","10K","112.2","97.475","","","","",""
"R802","RES_0603_N","RES_0603_N","172.3","94.65","Top","0.01","10K","172.3","94.65","","","","",""
"R803","RES_0603_N","RES_0603_N","162","88.5","Top","270.0","1K","162","88.5","","","","",""
"R804","RES_0603_N","RES_0603_N","167","88.5","Top","270.0","1K","167","88.5","","","","",""
"R805","RES_0603_N","RES_0603_N","175.15","94.65","Top","0.01","10K","175.15","94.65","","","","",""
"R806","RES_0603_N","RES_0603_N","178","94.65","Top","0.01","10K","178","94.65","","","","",""
"R807","RES_0603_N","RES_0603_N","169.5","88.5","Top","270.0","1K","169.5","88.5","","","","",""
"R808","RES_0603_N","RES_0603_N","174.5","88.5","Top","270.0","1K","174.5","88.5","","","","",""
"R809","RES_0603_N","RES_0603_N","180.85","94.65","Top","0.01","10K","180.85","94.65","","","","",""
"R810","RES_0603_N","RES_0603_N","105","98.75","Top","270.0","1K","105","98.75","","","","",""
"R811","RES_0603_N","RES_0603_N","100.5","102.75","Top","90.0","1K","100.5","102.75","","","","",""
"R812","RES_0603_N","RES_0603_N","114.75","98.75","Top","270.0","1K","114.75","98.75","","","","",""
"R813","RES_0603_N","RES_0603_N","119.25","98.75","Top","270.0","1K","119.25","98.75","","","","",""
"R814","RES_0603_N","RES_0603_N","180.85","98.85","Top","0.01","10K","180.85","98.85","","","","",""
"R815","RES_0603_N","RES_0603_N","100.5","98.75","Top","270.0","1K","100.5","98.75","","","","",""
"R816","RES_0603_N","RES_0603_N","105","102.75","Top","90.0","1K","105","102.75","","","","",""
"R817","RES_0603_N","RES_0603_N","114.75","102.75","Top","90.0","1K","114.75","102.75","","","","",""
"R818","RES_0603_N","RES_0603_N","119.25","102.75","Top","90.0","1K","119.25","102.75","","","","",""
"R819","RES_0603_N","RES_0603_N","180.75","88.5","Top","270.0","1K","180.75","88.5","","","","",""
"R820","RES_0603_N","RES_0603_N","185.75","88.5","Top","270.0","1K","185.75","88.5","","","","",""
"R821","RES_0603_N","RES_0603_N","178","98.85","Top","0.01","10K","178","98.85","","","","",""
"R822","RES_0603_N","RES_0603_N","185","24.5","Top","90.0","1K","185","24.5","","","","",""
"R823","RES_0603_N","RES_0603_N","175.15","98.85","Top","0.01","10K","175.15","98.85","","","","",""
"R824","RES_0603_N","RES_0603_N","182.5","24.5","Top","90.0","1K","182.5","24.5","","","","",""
"R825","RES_0603_N","RES_0603_N","188.25","88.5","Top","270.0","1K","188.25","88.5","","","","",""
"R826","RES_0603_N","RES_0603_N","193.25","88.5","Top","270.0","1K","193.25","88.5","","","","",""
"R827","RES_0603_N","RES_0603_N","187.4","18.4","Top","270.0","1K","187.4","18.4","","","","",""
"R828","RES_0603_N","RES_0603_N","172.3","98.85","Top","0.01","10K","172.3","98.85","","","","",""
"R829","RES_0603_N","RES_0603_N","190.2","18.4","Top","270.0","1K","190.2","18.4","","","","",""
"R901","RES_0603_N","RES_0603_N","198.15","17.45","Top","180.0","47K","198.15","17.45","","","","",""
"R902","RES_0603_N","RES_0603_N","198.15","18.9","Top","180.0","1K","198.15","18.9","","","","",""
"R903","RES_0603_N","RES_0603_N","152.4","26.7","Top","270.0","510R","152.4","26.7","","","","",""
"R904","RES_0603_N","RES_0603_N","159.9","26.7","Top","270.0","510R","159.9","26.7","","","","",""
"R905","RES_0603_N","RES_0603_N","163.65","26.7","Top","270.0","","163.65","26.7","","","","",""
"R906","RES_0603_N","RES_0603_N","163.65","21.7","Top","270.0","510R","163.65","21.7","","","","",""
"R907","RES_0603_N","RES_0603_N","171.15","26.7","Top","270.0","","171.15","26.7","","","","",""
"R908","RES_0603_N","RES_0603_N","171.15","21.7","Top","270.0","510R","171.15","21.7","","","","",""
"R909","RES_0402","RES_0402_BATTRC","86.1","72.3","Top","0.0","10K 0402 1%","86.1","72.3","","","","",""
"R910","RES_0402_M","RES_0402_M","151.25","78.25","Top","0.0","10K","151.25","78.25","","","","",""
"R911","RES_0402","RES_0402_202305","155.75","69.75","Top","90.0","10K 0402 1%","155.75","69.75","","","","",""
"R912","RES_0402","RES_0402_202305","150.75","69.75","Top","270.0","10K 0402 1%","150.75","69.75","","","","",""
"R913","YC164-FR-072KL","RESCAXS8P80_320X160X70L30X50N","196","47.75","Top","270.0","2K","196","47.75","","YC164-FR-072KL-ND","603-YC164-FR-072KL","",""
"R914","YC164-FR-072KL","RESCAXS8P80_320X160X70L30X50N","180.25","47.75","Top","270.0","2K","180.25","47.75","","YC164-FR-072KL-ND","603-YC164-FR-072KL","",""
"R915","YC164-FR-072KL","RESCAXS8P80_320X160X70L30X50N","164.75","47.74","Top","270.0","2K","164.75","47.74","","YC164-FR-072KL-ND","603-YC164-FR-072KL","",""
"R916","YC164-FR-072KL","RESCAXS8P80_320X160X70L30X50N","149","47.75","Top","270.0","2K","149","47.75","","YC164-FR-072KL-ND","603-YC164-FR-072KL","",""
"R917","YC164-FR-072KL","RESCAXS8P80_320X160X70L30X50N","133.25","47.75","Top","270.0","2K","133.25","47.75","","YC164-FR-072KL-ND","603-YC164-FR-072KL","",""
"R1101","RES_0402","RES_0402_202305","65","73.05","Top","180.0","49.9R 0402 1%","65","73.05","","","","",""
"R1102","RES_0402","RES_0402_202305","65","70.25","Top","180.0","49.9R 0402 1%","65","70.25","","","","",""
"R1103","RES_0402","RES_0402_202305","65.6","76.975","Top","270.0","30K 0402 1%","65.6","76.975","","","","",""
"R1104","RES_0402","RES_0402_202305","65.6","75.2","Top","270.0","10K 0402 1%","65.6","75.2","","","","",""
"R1105","RES_0603_N","RES_0603_N","70","81.55","Top","180.0","0R","70","81.55","","","","",""
"R1106","RES_0402","RES_0402_202305","75.5","73.5","Top","180.0","10K 0402 1%","75.5","73.5","","","","",""
"R1107","RES_0402","RES_0402_202305","75.5","76","Top","180.0","10K 0402 1%","75.5","76","","","","",""
"U1","LMR51610YDBVR","SOT23-6P95_280X145L45X37N","30.35","22.85","Top","0.0","1100kHz PFM","30.35","22.85","C22427220","","","",""
"U2","LM61460AASQRJRRQ1","IC_LM61460AASQRJRRQ1","54.25","34.05","Top","270.0","","54.25","34.05","","","","LM61460AASQRJRRQ1","VQFN-HR-14 Texas Instruments"
"U3","LM61460AASQRJRRQ1","IC_LM61460AASQRJRRQ1","40","34.05","Top","270.0","","40","34.05","","","","LM61460AASQRJRRQ1","VQFN-HR-14 Texas Instruments"
"U4","AMS1117-3.3","SOT223-4P229_700X180L53X74N","61.25","52.35","Top","0.0","","61.25","52.35","C6186","","","",""
"U5","LM66100","TI_DCK_R-PDSO-G6_N","68.75","57.35","Top","180.0","","68.75","57.35","","","","",""
"U6","LM66100","TI_DCK_R-PDSO-G6_N","65.25","57.35","Top","180.0","","65.25","57.35","","","","",""
"U7","LSF0102DCUR","SOP8P50_200X310X90L27X21N_AD1","61.9","44.45","Top","90.0","","61.9","44.45","C964636","296-39070-6-ND","595-LSF0102DCUR","",""
"U201","LMR51610YDBVR","SOT23-6P95_280X145L45X37N","36.9","49.6","Top","180.0","1100kHz PFM","36.9","49.6","C22427220","","","",""
"U202","LMR51610YDBVR","SOT23-6P95_280X145L45X37N","36.9","74.6","Top","180.0","1100kHz PFM","36.9","74.6","C22427220","","","",""
"U203","78L05G-AB3-R","QORVO_SOT-89","51.4","46.15","Top","180.0","","51.4","46.15","C71136","","","",""
"U204","78L05G-AB3-R","QORVO_SOT-89","51.4","71.1","Top","180.0","","51.4","71.1","C71136","","","",""
"U205","ADUM1200ARZ-RL7","SOIC8P127_490X600X175L83X41N_AD1","58.15","63.5","Top","90.0","","58.15","63.5","C15219","ADUM1200ARZ-RL7DKR-ND","584-ADUM1200ARZ-R7","",""
"U206","ADUM1200ARZ-RL7","SOIC8P127_490X600X175L83X41N_AD1","58.1","88.45","Top","90.01","","58.1","88.45","C15219","ADUM1200ARZ-RL7DKR-ND","584-ADUM1200ARZ-R7","",""
"U207","MCP1416T-E/OT","SOT23-5P95_270X145L35X35N_AD1","49.45","58.45","Top","90.0","","49.45","58.45","C83775","MCP1416T-E/OTDKR-ND","579-MCP1416T-E/OT","",""
"U208","MCP1416T-E/OT","SOT23-5P95_270X145L35X35N_AD1","49.45","83.4","Top","90.0","","49.45","83.4","C83775","MCP1416T-E/OTDKR-ND","579-MCP1416T-E/OT","",""
"U209","MCP1416T-E/OT","SOT23-5P95_270X145L35X35N_AD1","49.45","90.65","Top","90.0","","49.45","90.65","C83775","MCP1416T-E/OTDKR-ND","579-MCP1416T-E/OT","",""
"U210","MCP1416T-E/OT","SOT23-5P95_270X145L35X35N_AD1","49.45","65.7","Top","90.0","","49.45","65.7","C83775","MCP1416T-E/OTDKR-ND","579-MCP1416T-E/OT","",""
"U211","SN74HCT245DGSR","TI_DGS0020A_N_N","75.65","53.545","Top","180.0","","75.65","53.545","C6489181","","","",""
"U701","FE2.1-CQFP48A","QFP48P50_900X900X160L60X22N","193","98.6","Top","180.0","","193","98.6","","","","",""
"U702","LAN8742AI-CZ-TR","QFN25P50_400X400X100L40X25T250N_AD1","98.7","53.75","Top","90.0","","98.7","53.75","C621425","LAN8742AI-CZ-TR-ND","579-LAN8742AI-CZ-TR","",""
"U703","USBLC6-4SC6","SOT23-6L","98.7","46.875","Top","90.01","","98.7","46.875","","","","LM61460AASQRJRRQ1","SOT-23-6 STMicroelectronics"
"U704","TCAN1044AVDRBRQ1","TI_DRB0008J_N","199.25","86.2","Top","270.0","","199.25","86.2","","","","",""
"U705","TCAN1044AVDRBRQ1","TI_DRB0008J_N","199.25","106.75","Top","270.0","","199.25","106.75","","","","",""
"U706","PCA9545APW,118","SOP20P65_650X640X110L62X24N_AD1","120","86","Top","270.0","","120","86","C515584","568-1865-6-ND","","",""
"U707","PCA9545APW,118","SOP20P65_650X640X110L62X24N_AD1","100","86","Top","270.0","","100","86","C515584","568-1865-6-ND","","",""
"U708","MAX3490EESA+T","SOIC8P127_490X600X175L83X42N_AD2","140.45","23.95","Top","180.0","","140.45","23.95","C23404","MAX3490EESA+DKR-ND","700-MAX3490EESAT","",""
"U801","SN74LV4052APW","SOP16P65_500X640X120L62X24N_AD3","110","101.25","Top","90.0","","110","101.25","C1546196","296-3831-5-ND","595-SN74LV4052APW","",""
"U901","PS2801-1-A","SOIC4P127_270X700X210L50X40N","149.9","24.2","Top","180.0","","149.9","24.2","","","968-PS2801-1-A","",""
"U902","XL-1615RGBC-WS2812B","XL-1615RGBC-WS2812B","56.2","112.3","Top","90.0","RGB WS2812","56.2","112.3","","","","",""
"U903","PS2801-1-A","SOIC4P127_270X700X210L50X40N","157.4","24.2","Top","180.0","","157.4","24.2","","","968-PS2801-1-A","",""
"U904","PS2801-1-A","SOIC4P127_270X700X210L50X40N","166.15","24.2","Top","0.0","","166.15","24.2","","","968-PS2801-1-A","",""
"U905","XL-1615RGBC-WS2812B","XL-1615RGBC-WS2812B","106.3","112.3","Top","90.0","RGB WS2812","106.3","112.3","","","","",""
"U906","PS2801-1-A","SOIC4P127_270X700X210L50X40N","173.65","24.2","Top","0.0","","173.65","24.2","","","968-PS2801-1-A","",""
"U907","XL-1615RGBC-WS2812B","XL-1615RGBC-WS2812B","156.3","112.3","Top","90.0","RGB WS2812","156.3","112.3","","","","",""
"U908","XL-1615RGBC-WS2812B","XL-1615RGBC-WS2812B","206.3","112.3","Top","90.0","RGB WS2812","206.3","112.3","","","","",""
"U909","SN74LVC4245APW","SOP24P65_780X640X120L62X24N_AD1","166.6","96.8","Top","90.0","","166.6","96.8","C354456","SN74LVC4245APW-ND","595-SN74LVC4245APW","",""
"U910","SN74HCT245DGSR","TI_DGS0020A_N_N","153.25","74.5","Top","270.0","","153.25","74.5","C6489181","","","",""
"U911","SN74HCT245DGSR","TI_DGS0020A_N_N","153.25","64","Top","270.0","","153.25","64","C6489181","","","",""
"U912","AM26LV32CD","SOIC16P127_990X600X175L83X41N_AD4","203.5","47.75","Top","180.0","","203.5","47.75","C1543745","296-6794-5-ND","595-AM26LV32CD","",""
"U913","AM26LV32CD","SOIC16P127_990X600X175L83X41N_AD4","187.875","47.75","Top","180.0","","187.875","47.75","C1543745","296-6794-5-ND","595-AM26LV32CD","",""
"U914","AM26LV32CD","SOIC16P127_990X600X175L83X41N_AD4","172.25","47.75","Top","180.0","","172.25","47.75","C1543745","296-6794-5-ND","595-AM26LV32CD","",""
"U915","AM26LV32CD","SOIC16P127_990X600X175L83X41N_AD4","156.625","47.75","Top","180.0","","156.625","47.75","C1543745","296-6794-5-ND","595-AM26LV32CD","",""
"U916","AM26LV32CD","SOIC16P127_990X600X175L83X41N_AD4","141","47.75","Top","180.0","","141","47.75","C1543745","296-6794-5-ND","595-AM26LV32CD","",""
"U1101","XGZP6859D","CF_XGZP6859D_N","23.7","98.7","Top","180.0","","23.7","98.7","","","","",""
"U1102","XGZP6859D","CF_XGZP6859D_N","32.95","98.7","Top","180.0","","32.95","98.7","","","","",""
"U1103","HX717","SOIC16P127_990X600X180L66X43N","70","75.45","Top","270.0","","70","75.45","","","","",""
"X701","NX2016SA-25MHZ-STD-CZS-2","NX2016SA","103.8","53.75","Top","180.0","25Mhz","103.8","53.75","C843258","","","",""
"Y701","X503212MSB2GI","YANGXING_SMD_5032_2L","185.8","95","Top","90.0","12Mhz","185.8","95","C112573","","","",""
